State,LineCode,Metric,2012,2013,2014,2015,2016,2017,2018,2019,2020,2021,2022,,,,,,,,,,,,,,,,
Alabama,1,Eq. 90/10 ratio,5.3,5.2,5.4,5.1,5.4,5.5,5.6,5.2,5.7,4.7,5.5,,,,,,,,,,,,,,,,
Alabama,2,Eq. 80/20 ratio,2.8,2.7,2.8,2.7,2.9,2.9,2.9,2.8,2.8,2.5,2.6,,,,,,,,,,,,,,,,
Alabama,3,Eq. 90/50 ratio,2.4,2.3,2.4,2.4,2.4,2.4,2.4,2.4,2.5,2.1,2.3,,,,,,,,,,,,,,,,
Alabama,4,Eq. 50/10 ratio,2.2,2.2,2.3,2.2,2.3,2.3,2.3,2.2,2.3,2.2,2.3,,,,,,,,,,,,,,,,
Alabama,5,Gini coefficient,0.41,0.41,0.42,0.41,0.43,0.43,0.43,0.41,0.42,0.40,0.41,,,,,,,,,,,,,,,,
Alabama,6,Top 10% share,33.4%,34.1%,34.1%,33.8%,34.0%,34.9%,35.0%,33.7%,34.0%,34.3%,36.0%,,,,,,,,,,,,,,,,
Alabama,7,Bottom 10% share,1.9%,1.9%,1.8%,1.9%,1.7%,1.7%,1.6%,1.7%,1.7%,1.8%,1.7%,,,,,,,,,,,,,,,,
Alabama,8,Median (nominal dollars),"64,022","64,135","64,948","68,111","67,914","69,699","72,620","76,259","81,243","87,075","89,191",,,,,,,,,,,,,,,,
Alabama,9,Median (constant 2017 dollars),"74,820","74,176","74,191","78,034","76,285","77,359","81,433","83,408","88,654","90,751","87,565",,,,,,,,,,,,,,,,
Alabama,10,Mean (nominal dollars),"91,706","90,454","92,224","95,225","97,040","100,575","103,470","107,142","113,969","121,765","127,789",,,,,,,,,,,,,,,,
Alabama,11,Mean (constant 2017 dollars),"107,173","104,614","105,348","109,097","109,001","111,629","116,027","117,186","124,364","126,906","125,460",,,,,,,,,,,,,,,,
Alaska,1,Eq. 90/10 ratio,5.4,5.5,5.4,5.6,5.2,5.1,5.1,5.2,4.8 - 5.4,4.3 - 4.9,4.3 - 4.8,,,,,,,,,,,,,,,,
Alaska,2,Eq. 80/20 ratio,3.0,3.0,2.9,3.0,2.9,2.9,3.0,3.1,3.1,2.8,2.7,,,,,,,,,,,,,,,,
Alaska,3,Eq. 90/50 ratio,2.3,2.3,2.3,2.3,2.3,2.3,2.3,2.4,2.1 - 2.3,2.0 - 2.2,2.2 - 2.4,,,,,,,,,,,,,,,,
Alaska,4,Eq. 50/10 ratio,2.4,2.4,2.4,2.4,2.3,2.2,2.2,2.2,2.2 - 2.4,2.1 - 2.3,1.9 - 2.0,,,,,,,,,,,,,,,,
Alaska,5,Gini coefficient,0.41,0.40,0.40,0.42,0.41,0.40,0.39,0.39,0.38,0.38,0.40,,,,,,,,,,,,,,,,
Alaska,6,Top 10% share,31.3%,30.5%,29.8%,31.6%,31.2%,31.2%,29.1%,29.0%,26.4% - 32.4%,26.1% - 32.4%,28.0% - 34.8%,,,,,,,,,,,,,,,,
Alaska,7,Bottom 10% share,1.7%,1.8%,1.9%,1.7%,1.8%,1.9%,2.2%,2.1%,2.0% - 2.4%,1.9% - 2.3%,2.1% - 2.5%,,,,,,,,,,,,,,,,
Alaska,8,Median (nominal dollars),"110,147","110,055","118,678","118,153","119,301","119,483","126,543","128,291","129,276","138,811","136,112",,,,,,,,,,,,,,,,
Alaska,9,Median (constant 2017 dollars),"113,566","112,563","119,319","117,519","116,631","113,941","118,606","120,255","121,918","121,543","115,008",,,,,,,,,,,,,,,,
Alaska,10,Mean (nominal dollars),"143,937","142,340","153,995","158,010","158,196","157,656","161,947","165,900","170,609","176,967","188,253",,,,,,,,,,,,,,,,
Alaska,11,Mean (constant 2017 dollars),"148,406","145,584","154,826","157,162","154,656","150,344","151,789","155,508","160,899","154,953","159,065",,,,,,,,,,,,,,,,
Arizona,1,Eq. 90/10 ratio,6.5,6.7,6.6,5.7,5.4,5.2,5.3,5.0,4.4,4.0,4.5,,,,,,,,,,,,,,,,
Arizona,2,Eq. 80/20 ratio,3.2,3.1,3.1,3.0,3.0,2.9,3.0,2.9,2.6,2.4,2.7,,,,,,,,,,,,,,,,
Arizona,3,Eq. 90/50 ratio,2.5,2.6,2.6,2.5,2.4,2.4,2.4,2.5,2.4,2.3,2.4,,,,,,,,,,,,,,,,
Arizona,4,Eq. 50/10 ratio,2.6,2.6,2.5,2.3,2.3,2.2,2.2,2.0,1.9,1.8,1.9,,,,,,,,,,,,,,,,
Arizona,5,Gini coefficient,0.45,0.44,0.44,0.44,0.43,0.42,0.42,0.41,0.38,0.39,0.39,,,,,,,,,,,,,,,,
Arizona,6,Top 10% share,33.5%,33.4%,33.7%,33.8%,34.1%,33.4%,32.8%,32.7%,31.8%,33.5%,32.8%,,,,,,,,,,,,,,,,
Arizona,7,Bottom 10% share,1.3%,1.3%,1.4%,1.6%,1.8%,1.9%,1.8%,2.0%,2.5%,2.6%,2.6%,,,,,,,,,,,,,,,,
Arizona,8,Median (nominal dollars),"66,365","66,408","68,347","73,216","75,708","80,711","83,202","88,315","89,743","96,395","106,175",,,,,,,,,,,,,,,,
Arizona,9,Median (constant 2017 dollars),"71,603","70,450","71,858","76,885","78,132","82,465","83,757","87,274","86,450","91,533","91,591",,,,,,,,,,,,,,,,
Arizona,10,Mean (nominal dollars),"91,706","92,827","96,377","102,228","105,803","111,051","114,575","121,325","122,755","136,515","152,234",,,,,,,,,,,,,,,,
Arizona,11,Mean (constant 2017 dollars),"98,944","98,477","101,328","107,350","109,191","113,465","115,340","119,895","118,251","129,629","131,323",,,,,,,,,,,,,,,,
Arkansas,1,Eq. 90/10 ratio,5.6,5.6,5.2,4.9,5.0,5.0,4.9,5.0,4.8,4.4,4.9,,,,,,,,,,,,,,,,
Arkansas,2,Eq. 80/20 ratio,2.9,2.9,2.8,2.7,2.7,2.6,2.7,2.7,2.5,2.6,2.6,,,,,,,,,,,,,,,,
Arkansas,3,Eq. 90/50 ratio,2.4,2.5,2.4,2.4,2.4,2.4,2.4,2.4,2.3,2.3,2.3,,,,,,,,,,,,,,,,
Arkansas,4,Eq. 50/10 ratio,2.3,2.3,2.2,2.1,2.0,2.1,2.1,2.1,2.0,1.9,2.1,,,,,,,,,,,,,,,,
Arkansas,5,Gini coefficient,0.44,0.44,0.44,0.44,0.44,0.44,0.44,0.42,0.43,0.44,0.44,,,,,,,,,,,,,,,,
Arkansas,6,Top 10% share,35.9%,35.4%,37.1%,36.4%,37.4%,38.2%,37.9%,35.2%,36.2%,39.1%,36.9%,,,,,,,,,,,,,,,,
Arkansas,7,Bottom 10% share,1.7%,1.7%,1.9%,1.9%,1.9%,1.8%,1.8%,1.9%,2.0%,2.1%,1.9%,,,,,,,,,,,,,,,,
Arkansas,8,Median (nominal dollars),"63,426","62,510","64,836","66,088","67,620","68,902","72,442","77,221","76,321","81,420","86,502",,,,,,,,,,,,,,,,
Arkansas,9,Median (constant 2017 dollars),"75,087","72,965","74,710","76,334","77,066","77,761","81,450","85,033","82,672","83,997","86,081",,,,,,,,,,,,,,,,
Arkansas,10,Mean (nominal dollars),"91,773","89,434","94,493","96,566","100,004","103,458","108,199","109,801","112,407","124,409","128,149",,,,,,,,,,,,,,,,
Arkansas,11,Mean (constant 2017 dollars),"108,646","104,392","108,883","111,537","113,974","116,761","121,653","120,910","121,762","128,346","127,525",,,,,,,,,,,,,,,,
California,1,Eq. 90/10 ratio,6.8,6.7,6.5,6.3,6.4,6.5,6.5,6.4,5.7,5.5,6.0,,,,,,,,,,,,,,,,
California,2,Eq. 80/20 ratio,3.5,3.4,3.4,3.3,3.3,3.3,3.3,3.3,2.9,3.0,3.1,,,,,,,,,,,,,,,,
California,3,Eq. 90/50 ratio,2.8,2.8,2.8,2.8,2.8,2.8,2.8,2.8,2.6,2.6,2.7,,,,,,,,,,,,,,,,
California,4,Eq. 50/10 ratio,2.4,2.4,2.3,2.3,2.3,2.4,2.4,2.3,2.2,2.1,2.2,,,,,,,,,,,,,,,,
California,5,Gini coefficient,0.48,0.48,0.47,0.47,0.47,0.47,0.47,0.47,0.44,0.45,0.47,,,,,,,,,,,,,,,,
California,6,Top 10% share,37.6%,37.1%,37.2%,37.4%,37.3%,37.4%,37.2%,36.7%,35.3%,36.6%,39.3%,,,,,,,,,,,,,,,,
California,7,Bottom 10% share,1.5%,1.5%,1.6%,1.6%,1.6%,1.6%,1.6%,1.7%,1.8%,1.6%,1.6%,,,,,,,,,,,,,,,,
California,8,Median (nominal dollars),"88,845","90,200","95,358","101,658","104,756","108,304","113,844","120,319","135,642","143,790","137,883",,,,,,,,,,,,,,,,
California,9,Median (constant 2017 dollars),"85,711","85,895","89,351","94,428","97,014","97,637","99,632","104,639","115,873","117,902","105,647",,,,,,,,,,,,,,,,
California,10,Mean (nominal dollars),"136,567","137,229","144,349","153,335","158,160","164,322","172,145","180,447","196,628","211,891","212,623",,,,,,,,,,,,,,,,
California,11,Mean (constant 2017 dollars),"131,750","130,679","135,256","142,431","146,470","148,138","150,656","156,931","167,971","173,743","162,914",,,,,,,,,,,,,,,,
Colorado,1,Eq. 90/10 ratio,6.4,6.2,6.2,5.6,5.5,5.4,5.5,5.7,5.4 - 6.1,4.8,5.3 - 6.2,,,,,,,,,,,,,,,,
Colorado,2,Eq. 80/20 ratio,3.3,3.3,3.3,3.1,3.1,3.0,3.0,3.2,3.1,2.7,2.8,,,,,,,,,,,,,,,,
Colorado,3,Eq. 90/50 ratio,2.5,2.6,2.6,2.5,2.4,2.4,2.5,2.5,2.5 - 2.7,2.3,2.4 - 2.7,,,,,,,,,,,,,,,,
Colorado,4,Eq. 50/10 ratio,2.5,2.4,2.4,2.3,2.3,2.3,2.2,2.3,2.1 - 2.3,2.1,2.1 - 2.4,,,,,,,,,,,,,,,,
Colorado,5,Gini coefficient,0.44,0.45,0.45,0.44,0.42,0.43,0.42,0.43,0.42,0.45,0.45,,,,,,,,,,,,,,,,
Colorado,6,Top 10% share,34.7%,35.7%,36.0%,35.1%,33.6%,34.5%,34.6%,35.2%,29.8% - 36.4%,37.9%,34.5% - 42.9%,,,,,,,,,,,,,,,,
Colorado,7,Bottom 10% share,1.5%,1.6%,1.6%,1.8%,1.8%,2.0%,2.0%,1.9%,1.8% - 2.2%,2.1%,1.3% - 1.8%,,,,,,,,,,,,,,,,
Colorado,8,Median (nominal dollars),"80,069","80,189","83,335","87,921","90,722","95,678","98,614","103,066","113,703","119,574","125,212",,,,,,,,,,,,,,,,
Colorado,9,Median (constant 2017 dollars),"82,110","81,190","83,245","87,658","89,869","92,930","96,356","97,150","104,674","106,632","105,482",,,,,,,,,,,,,,,,
Colorado,10,Mean (nominal dollars),"117,629","121,158","126,522","128,154","126,789","134,744","141,931","150,246","160,416","175,306","187,226",,,,,,,,,,,,,,,,
Colorado,11,Mean (constant 2017 dollars),"120,628","122,671","126,386","127,770","125,595","130,874","138,682","141,622","147,677","156,332","157,725",,,,,,,,,,,,,,,,
Connecticut,1,Eq. 90/10 ratio,5.5,5.4,5.3,5.3,5.5,5.8,5.9,6.0,5.8 - 7.0,4.9 - 5.9,5.5 - 6.5,,,,,,,,,,,,,,,,
Connecticut,2,Eq. 80/20 ratio,3.0,3.0,3.0,3.0,3.0,3.1,3.1,3.3,3.3,3.1,3.0,,,,,,,,,,,,,,,,
Connecticut,3,Eq. 90/50 ratio,2.5,2.5,2.5,2.5,2.5,2.6,2.7,2.6,2.6 - 2.9,2.5 - 2.9,2.4 - 2.8,,,,,,,,,,,,,,,,
Connecticut,4,Eq. 50/10 ratio,2.2,2.2,2.2,2.1,2.2,2.2,2.2,2.3,2.1 - 2.5,1.9 - 2.1,2.1 - 2.4,,,,,,,,,,,,,,,,
Connecticut,5,Gini coefficient,0.47,0.46,0.46,0.46,0.46,0.47,0.49,0.48,0.46,0.47,0.48,,,,,,,,,,,,,,,,
Connecticut,6,Top 10% share,40.8%,39.3%,39.4%,38.4%,38.9%,40.0%,41.0%,39.9%,34.4% - 40.7%,34.9% - 42.9%,36.2% - 44.1%,,,,,,,,,,,,,,,,
Connecticut,7,Bottom 10% share,1.7%,1.7%,1.8%,2.0%,1.9%,1.8%,1.8%,1.7%,1.5% - 1.9%,1.7% - 2.0%,1.5% - 1.9%,,,,,,,,,,,,,,,,
Connecticut,8,Median (nominal dollars),"105,388","103,123","104,802","109,897","111,506","110,703","112,609","115,785","126,809","122,251","132,610",,,,,,,,,,,,,,,,
Connecticut,9,Median (constant 2017 dollars),"103,663","99,966","100,840","104,959","105,516","103,287","106,048","107,681","115,291","109,153","107,391",,,,,,,,,,,,,,,,
Connecticut,10,Mean (nominal dollars),"167,114","161,936","167,516","170,310","171,711","173,440","181,259","187,238","194,225","193,255","209,900",,,,,,,,,,,,,,,,
Connecticut,11,Mean (constant 2017 dollars),"164,379","156,979","161,183","162,657","162,489","161,821","170,698","174,132","176,584","172,549","169,983",,,,,,,,,,,,,,,,
Delaware,1,Eq. 90/10 ratio,4.9,4.9,4.8,4.6,4.7,4.3,4.5,4.4,3.7 - 4.0,4.1 - 4.5,3.9 - 4.5,,,,,,,,,,,,,,,,
Delaware,2,Eq. 80/20 ratio,2.8,2.8,2.8,2.6,2.6,2.6,2.6,2.6,2.5,2.6,2.6,,,,,,,,,,,,,,,,
Delaware,3,Eq. 90/50 ratio,2.3,2.3,2.3,2.3,2.3,2.2,2.3,2.4,2.0 - 2.1,2.2 - 2.4,2.2 - 2.5,,,,,,,,,,,,,,,,
Delaware,4,Eq. 50/10 ratio,2.2,2.1,2.1,2.1,2.1,2.0,1.9,1.9,1.8 - 2.0,1.8 - 2.0,1.7 - 1.9,,,,,,,,,,,,,,,,
Delaware,5,Gini coefficient,0.39,0.39,0.39,0.39,0.39,0.39,0.40,0.39,0.37,0.39,0.39,,,,,,,,,,,,,,,,
Delaware,6,Top 10% share,30.1%,31.4%,31.7%,32.3%,31.7%,32.7%,33.7%,33.0%,27.8% - 33.8%,28.8% - 34.1%,26.8% - 33.2%,,,,,,,,,,,,,,,,
Delaware,7,Bottom 10% share,2.3%,2.3%,2.2%,2.3%,2.2%,2.2%,2.3%,2.6%,2.8% - 3.2%,2.2% - 2.7%,2.5% - 3.1%,,,,,,,,,,,,,,,,
Delaware,8,Median (nominal dollars),"86,607","84,054","85,170","86,106","84,849","87,094","91,873","98,960","107,354","110,960","115,654",,,,,,,,,,,,,,,,
Delaware,9,Median (constant 2017 dollars),"92,047","89,012","87,955","90,353","87,646","88,363","90,701","96,696","106,019","104,441","101,743",,,,,,,,,,,,,,,,
Delaware,10,Mean (nominal dollars),"115,662","115,195","117,303","118,875","118,377","122,830","132,634","139,501","140,341","150,361","157,963",,,,,,,,,,,,,,,,
Delaware,11,Mean (constant 2017 dollars),"122,927","121,988","121,138","124,737","122,279","124,620","130,942","136,310","138,596","141,527","138,963",,,,,,,,,,,,,,,,
District of Columbia,1,Eq. 90/10 ratio,8.0,7.5,8.3,8.6,8.3,8.0,7.9,7.6,6.2,5.9,6.8,,,,,,,,,,,,,,,,
District of Columbia,2,Eq. 80/20 ratio,4.0,3.9,4.0,4.1,4.0,4.0,3.9,3.9,3.4,3.3,3.4,,,,,,,,,,,,,,,,
District of Columbia,3,Eq. 90/50 ratio,3.0,2.8,2.9,2.8,2.8,2.7,2.7,2.6,2.5,2.5,2.4,,,,,,,,,,,,,,,,
District of Columbia,4,Eq. 50/10 ratio,2.7,2.6,2.9,3.0,3.0,3.0,2.9,2.9,2.4,2.4,2.8,,,,,,,,,,,,,,,,
District of Columbia,5,Gini coefficient,0.50,0.49,0.49,0.50,0.50,0.50,0.49,0.47,0.43,0.46,0.45,,,,,,,,,,,,,,,,
District of Columbia,6,Top 10% share,39.7%,39.1%,38.9%,40.0%,40.6%,40.1%,38.7%,36.6%,34.1%,37.9%,37.9%,,,,,,,,,,,,,,,,
District of Columbia,7,Bottom 10% share,1.3%,1.3%,1.3%,1.3%,1.3%,1.3%,1.3%,1.4%,1.8%,1.5%,1.5%,,,,,,,,,,,,,,,,
District of Columbia,8,Median (nominal dollars),"86,951","87,685","92,881","97,084","99,852","105,496","113,489","118,531","117,422","126,810","133,790",,,,,,,,,,,,,,,,
District of Columbia,9,Median (constant 2017 dollars),"82,347","80,598","83,676","87,999","90,327","95,830","99,734","104,816","101,195","104,192","102,168",,,,,,,,,,,,,,,,
District of Columbia,10,Mean (nominal dollars),"142,721","141,358","148,577","157,890","163,812","168,972","175,414","176,260","173,696","204,845","202,198",,,,,,,,,,,,,,,,
District of Columbia,11,Mean (constant 2017 dollars),"135,165","129,933","133,852","143,115","148,186","153,489","154,153","155,865","149,693","168,308","154,407",,,,,,,,,,,,,,,,
Florida,1,Eq. 90/10 ratio,5.8,5.5,5.5,5.6,5.5,5.3,5.4,5.6,5.1,4.7,5.3,,,,,,,,,,,,,,,,
Florida,2,Eq. 80/20 ratio,2.9,2.9,2.9,2.9,2.8,2.8,2.8,2.9,2.6,2.6,2.7,,,,,,,,,,,,,,,,
Florida,3,Eq. 90/50 ratio,2.5,2.4,2.4,2.5,2.5,2.5,2.5,2.6,2.5,2.4,2.4,,,,,,,,,,,,,,,,
Florida,4,Eq. 50/10 ratio,2.3,2.3,2.3,2.3,2.2,2.1,2.1,2.2,2.1,1.9,2.2,,,,,,,,,,,,,,,,
Florida,5,Gini coefficient,0.46,0.44,0.45,0.46,0.46,0.47,0.47,0.47,0.45,0.45,0.47,,,,,,,,,,,,,,,,
Florida,6,Top 10% share,37.8%,36.7%,37.7%,38.5%,38.4%,39.4%,40.0%,40.1%,38.4%,38.5%,41.8%,,,,,,,,,,,,,,,,
Florida,7,Bottom 10% share,1.7%,1.7%,1.7%,1.7%,1.7%,1.7%,1.7%,1.6%,1.8%,2.0%,1.4%,,,,,,,,,,,,,,,,
Florida,8,Median (nominal dollars),"66,893","67,754","70,629","73,301","73,623","77,015","79,934","83,320","87,613","100,068","98,907",,,,,,,,,,,,,,,,
Florida,9,Median (constant 2017 dollars),"70,028","70,235","72,105","74,401","74,127","76,350","78,084","80,733","83,249","90,529","83,444",,,,,,,,,,,,,,,,
Florida,10,Mean (nominal dollars),"101,011","99,709","106,166","111,913","113,411","119,394","124,132","130,087","133,557","152,740","156,403",,,,,,,,,,,,,,,,
Florida,11,Mean (constant 2017 dollars),"105,745","103,359","108,385","113,593","114,186","118,363","121,260","126,049","126,905","138,180","131,951",,,,,,,,,,,,,,,,
Georgia,1,Eq. 90/10 ratio,7.0,6.9,6.5,6.6,6.2,6.2,6.1,6.3,5.5,5.3,5.5,,,,,,,,,,,,,,,,
Georgia,2,Eq. 80/20 ratio,3.3,3.2,3.2,3.2,3.2,3.2,3.1,3.2,2.9,2.8,3.0,,,,,,,,,,,,,,,,
Georgia,3,Eq. 90/50 ratio,2.6,2.6,2.6,2.6,2.5,2.5,2.6,2.6,2.5,2.4,2.4,,,,,,,,,,,,,,,,
Georgia,4,Eq. 50/10 ratio,2.6,2.6,2.5,2.5,2.5,2.5,2.4,2.4,2.2,2.2,2.3,,,,,,,,,,,,,,,,
Georgia,5,Gini coefficient,0.45,0.44,0.44,0.44,0.44,0.45,0.46,0.46,0.44,0.41,0.43,,,,,,,,,,,,,,,,
Georgia,6,Top 10% share,34.1%,33.3%,34.3%,34.9%,34.8%,35.9%,36.4%,37.4%,35.4%,32.9%,34.9%,,,,,,,,,,,,,,,,
Georgia,7,Bottom 10% share,1.4%,1.5%,1.6%,1.5%,1.5%,1.5%,1.4%,1.4%,2.0%,1.8%,1.6%,,,,,,,,,,,,,,,,
Georgia,8,Median (nominal dollars),"67,711","69,032","70,663","72,946","75,936","80,748","82,054","83,749","89,464","104,774","103,757",,,,,,,,,,,,,,,,
Georgia,9,Median (constant 2017 dollars),"75,204","76,037","76,665","79,194","81,386","84,737","84,802","85,721","90,487","100,391","93,301",,,,,,,,,,,,,,,,
Georgia,10,Mean (nominal dollars),"97,280","97,543","102,683","106,974","110,894","117,463","121,931","127,084","131,187","143,613","147,068",,,,,,,,,,,,,,,,
Georgia,11,Mean (constant 2017 dollars),"108,044","107,440","111,405","116,137","118,854","123,266","126,014","130,075","132,687","137,605","132,248",,,,,,,,,,,,,,,,
Hawaii,1,Eq. 90/10 ratio,5.9,5.9,5.6,5.4,5.3,5.5,5.4,5.3,4.9,4.4,4.9,,,,,,,,,,,,,,,,
Hawaii,2,Eq. 80/20 ratio,3.2,3.2,3.1,3.0,3.0,3.1,3.1,3.0,2.8,2.7,2.8,,,,,,,,,,,,,,,,
Hawaii,3,Eq. 90/50 ratio,2.5,2.5,2.4,2.4,2.4,2.5,2.4,2.3,2.1,2.1,2.2,,,,,,,,,,,,,,,,
Hawaii,4,Eq. 50/10 ratio,2.4,2.4,2.3,2.2,2.2,2.2,2.3,2.3,2.3,2.1,2.2,,,,,,,,,,,,,,,,
Hawaii,5,Gini coefficient,0.42,0.42,0.41,0.41,0.41,0.42,0.42,0.41,0.38,0.38,0.39,,,,,,,,,,,,,,,,
Hawaii,6,Top 10% share,32.0%,31.8%,31.0%,30.9%,31.1%,32.2%,32.0%,31.4%,29.7%,31.1%,30.2%,,,,,,,,,,,,,,,,
Hawaii,7,Bottom 10% share,1.7%,1.6%,1.7%,1.8%,1.9%,1.7%,1.8%,1.9%,2.0%,2.1%,2.1%,,,,,,,,,,,,,,,,
Hawaii,8,Median (nominal dollars),"97,727","97,158","104,245","108,532","113,302","109,739","112,972","119,566","128,217","131,811","127,997",,,,,,,,,,,,,,,,
Hawaii,9,Median (constant 2017 dollars),"95,392","90,329","97,055","100,027","104,914","99,359","99,888","103,377","108,288","107,467","99,515",,,,,,,,,,,,,,,,
Hawaii,10,Mean (nominal dollars),"134,326","133,796","140,395","147,162","150,822","152,826","154,742","162,352","170,193","181,126","179,304",,,,,,,,,,,,,,,,
Hawaii,11,Mean (constant 2017 dollars),"131,118","124,392","130,711","135,629","139,656","138,371","136,820","140,370","143,739","147,673","139,405",,,,,,,,,,,,,,,,
Idaho,1,Eq. 90/10 ratio,5.3,5.1,4.8,4.8,4.8,4.9,5.0,5.0,4.4,4.3,4.9,,,,,,,,,,,,,,,,
Idaho,2,Eq. 80/20 ratio,3.0,2.9,2.8,2.6,2.6,2.7,2.7,2.7,2.5,2.5,2.6,,,,,,,,,,,,,,,,
Idaho,3,Eq. 90/50 ratio,2.5,2.5,2.3,2.3,2.3,2.4,2.4,2.5,2.3,2.2,2.4,,,,,,,,,,,,,,,,
Idaho,4,Eq. 50/10 ratio,2.1,2.1,2.1,2.1,2.1,2.1,2.1,2.0,1.9,1.9,2.0,,,,,,,,,,,,,,,,
Idaho,5,Gini coefficient,0.43,0.42,0.43,0.45,0.44,0.44,0.43,0.44,0.41,0.39,0.42,,,,,,,,,,,,,,,,
Idaho,6,Top 10% share,34.8%,35.1%,36.5%,37.6%,37.3%,36.6%,36.1%,36.5%,35.1%,34.1%,36.7%,,,,,,,,,,,,,,,,
Idaho,7,Bottom 10% share,2.1%,2.1%,1.9%,1.9%,1.9%,2.0%,1.9%,2.0%,2.1%,2.3%,2.1%,,,,,,,,,,,,,,,,
Idaho,8,Median (nominal dollars),"65,422","68,465","71,120","72,249","72,979","74,665","79,046","83,232","91,599","101,819","99,642",,,,,,,,,,,,,,,,
Idaho,9,Median (constant 2017 dollars),"74,022","76,304","78,150","78,736","79,844","78,974","84,469","86,991","96,191","101,970","93,509",,,,,,,,,,,,,,,,
Idaho,10,Mean (nominal dollars),"94,809","97,734","101,666","105,540","106,669","110,002","115,514","121,320","128,266","140,679","144,896",,,,,,,,,,,,,,,,
Idaho,11,Mean (constant 2017 dollars),"107,273","108,923","111,716","115,016","116,703","116,350","123,439","126,799","134,695","140,887","135,977",,,,,,,,,,,,,,,,
Illinois,1,Eq. 90/10 ratio,6.0,6.0,5.9,5.7,5.6,5.5,5.6,5.6,4.9,4.6,5.3,,,,,,,,,,,,,,,,
Illinois,2,Eq. 80/20 ratio,3.1,3.0,3.0,3.0,3.0,3.0,3.1,3.1,2.9,2.6,2.9,,,,,,,,,,,,,,,,
Illinois,3,Eq. 90/50 ratio,2.6,2.6,2.6,2.5,2.6,2.6,2.6,2.6,2.4,2.3,2.5,,,,,,,,,,,,,,,,
Illinois,4,Eq. 50/10 ratio,2.3,2.3,2.3,2.3,2.2,2.2,2.2,2.2,2.0,2.1,2.1,,,,,,,,,,,,,,,,
Illinois,5,Gini coefficient,0.46,0.46,0.46,0.45,0.45,0.45,0.45,0.44,0.42,0.42,0.44,,,,,,,,,,,,,,,,
Illinois,6,Top 10% share,38.2%,37.3%,37.5%,36.6%,36.5%,36.5%,36.6%,36.0%,34.9%,36.1%,38.2%,,,,,,,,,,,,,,,,
Illinois,7,Bottom 10% share,1.6%,1.7%,1.6%,1.6%,1.7%,1.8%,1.7%,1.7%,2.0%,1.9%,1.8%,,,,,,,,,,,,,,,,
Illinois,8,Median (nominal dollars),"77,872","79,984","81,910","86,748","86,159","89,820","94,637","98,612","107,393","118,866","108,112",,,,,,,,,,,,,,,,
Illinois,9,Median (constant 2017 dollars),"81,574","83,310","84,604","90,118","88,072","89,569","92,440","95,854","102,341","107,692","92,009",,,,,,,,,,,,,,,,
Illinois,10,Mean (nominal dollars),"117,337","119,824","123,426","128,817","130,069","135,160","143,886","147,795","158,193","170,413","168,216",,,,,,,,,,,,,,,,
Illinois,11,Mean (constant 2017 dollars),"122,914","124,806","127,485","133,822","132,957","134,782","140,545","143,662","150,751","154,393","143,162",,,,,,,,,,,,,,,,
Indiana,1,Eq. 90/10 ratio,5.3,5.3,5.1,5.0,5.1,4.7,4.7,4.6,4.2,3.8,4.3,,,,,,,,,,,,,,,,
Indiana,2,Eq. 80/20 ratio,2.9,2.9,2.8,2.8,2.8,2.7,2.7,2.6,2.4,2.5,2.5,,,,,,,,,,,,,,,,
Indiana,3,Eq. 90/50 ratio,2.4,2.3,2.3,2.3,2.5,2.3,2.2,2.3,2.2,2.1,2.3,,,,,,,,,,,,,,,,
Indiana,4,Eq. 50/10 ratio,2.2,2.3,2.2,2.1,2.1,2.1,2.1,2.1,1.9,1.8,1.9,,,,,,,,,,,,,,,,
Indiana,5,Gini coefficient,0.43,0.43,0.40,0.40,0.41,0.40,0.40,0.40,0.41,0.38,0.43,,,,,,,,,,,,,,,,
Indiana,6,Top 10% share,35.1%,34.7%,33.4%,33.5%,33.3%,33.2%,33.1%,33.4%,35.2%,31.9%,37.9%,,,,,,,,,,,,,,,,
Indiana,7,Bottom 10% share,1.9%,1.9%,2.0%,1.9%,1.9%,2.0%,2.1%,2.2%,2.2%,2.5%,1.9%,,,,,,,,,,,,,,,,
Indiana,8,Median (nominal dollars),"70,550","70,962","75,466","77,135","78,029","80,641","83,511","85,740","92,022","107,919","98,529",,,,,,,,,,,,,,,,
Indiana,9,Median (constant 2017 dollars),"80,433","79,729","83,826","86,657","86,838","88,729","88,244","89,266","95,848","107,039","92,474",,,,,,,,,,,,,,,,
Indiana,10,Mean (nominal dollars),"101,102","101,569","104,829","107,090","108,921","111,709","116,854","120,896","129,216","142,566","144,610",,,,,,,,,,,,,,,,
Indiana,11,Mean (constant 2017 dollars),"115,264","114,117","116,441","120,310","121,219","122,914","123,477","125,868","134,589","141,403","135,724",,,,,,,,,,,,,,,,
Iowa,1,Eq. 90/10 ratio,4.8,4.8,4.8,4.7,4.7,4.9,4.3,4.3,4.1 - 4.7,4.0 - 4.6,4.1 - 4.7,,,,,,,,,,,,,,,,
Iowa,2,Eq. 80/20 ratio,2.6,2.7,2.7,2.6,2.7,2.7,2.5,2.6,2.5,2.5,2.6,,,,,,,,,,,,,,,,
Iowa,3,Eq. 90/50 ratio,2.3,2.3,2.3,2.3,2.4,2.3,2.1,2.2,2.0 - 2.1,2.1 - 2.4,2.2 - 2.4,,,,,,,,,,,,,,,,
Iowa,4,Eq. 50/10 ratio,2.1,2.1,2.1,2.0,2.0,2.1,2.0,2.0,2.0 - 2.3,1.8 - 2.0,1.8 - 2.0,,,,,,,,,,,,,,,,
Iowa,5,Gini coefficient,0.40,0.41,0.40,0.41,0.40,0.40,0.38,0.37,0.37,0.39,0.43,,,,,,,,,,,,,,,,
Iowa,6,Top 10% share,32.5%,33.5%,32.6%,33.5%,32.1%,32.4%,31.8%,30.8%,25.5% - 35.9%,29.0% - 37.0%,33.7% - 40.7%,,,,,,,,,,,,,,,,
Iowa,7,Bottom 10% share,2.1%,2.0%,2.0%,2.0%,2.1%,2.0%,2.3%,2.3%,1.9% - 2.4%,2.1% - 2.6%,2.0% - 2.6%,,,,,,,,,,,,,,,,
Iowa,8,Median (nominal dollars),"77,297","76,786","81,484","81,543","82,847","85,124","91,010","95,201","97,717","104,373","100,025",,,,,,,,,,,,,,,,
Iowa,9,Median (constant 2017 dollars),"90,008","88,155","92,126","93,501","94,120","95,370","97,107","100,105","102,888","106,657","97,483",,,,,,,,,,,,,,,,
Iowa,10,Mean (nominal dollars),"106,065","105,987","108,852","111,174","111,565","114,167","120,299","123,360","126,742","138,747","143,599",,,,,,,,,,,,,,,,
Iowa,11,Mean (constant 2017 dollars),"123,507","121,680","123,069","127,477","126,746","127,909","128,359","129,715","133,449","141,782","139,949",,,,,,,,,,,,,,,,
Kansas,1,Eq. 90/10 ratio,6.1,6.2,5.7,5.7,5.7,5.7,5.4,5.4,4.5 - 5.2,4.2 - 4.8,5.2 - 6.1,,,,,,,,,,,,,,,,
Kansas,2,Eq. 80/20 ratio,3.2,3.2,3.2,3.1,2.9,3.0,3.0,2.9,2.6,2.6,2.8,,,,,,,,,,,,,,,,
Kansas,3,Eq. 90/50 ratio,2.6,2.5,2.4,2.4,2.5,2.5,2.5,2.4,2.2 - 2.5,2.2 - 2.4,2.4 - 2.7,,,,,,,,,,,,,,,,
Kansas,4,Eq. 50/10 ratio,2.4,2.4,2.4,2.4,2.2,2.3,2.2,2.2,2.0 - 2.2,1.9 - 2.1,2.1 - 2.4,,,,,,,,,,,,,,,,
Kansas,5,Gini coefficient,0.48,0.47,0.46,0.45,0.45,0.45,0.45,0.44,0.39,0.41,0.48,,,,,,,,,,,,,,,,
Kansas,6,Top 10% share,38.4%,38.2%,37.1%,36.1%,35.8%,35.9%,35.7%,35.7%,28.7% - 38.5%,29.4% - 38.2%,36.7% - 47.4%,,,,,,,,,,,,,,,,
Kansas,7,Bottom 10% share,1.6%,1.5%,1.7%,1.7%,1.8%,1.7%,1.8%,1.9%,2.0% - 2.5%,1.8% - 2.3%,1.4% - 2.0%,,,,,,,,,,,,,,,,
Kansas,8,Median (nominal dollars),"73,329","75,011","78,569","82,131","81,625","83,087","86,278","93,821","102,748","103,358","94,174",,,,,,,,,,,,,,,,
Kansas,9,Median (constant 2017 dollars),"83,128","84,547","86,810","90,889","90,143","90,743","91,394","97,655","106,332","103,882","90,212",,,,,,,,,,,,,,,,
Kansas,10,Mean (nominal dollars),"112,950","115,071","117,415","119,165","119,810","123,309","128,158","134,630","142,156","144,558","148,619",,,,,,,,,,,,,,,,
Kansas,11,Mean (constant 2017 dollars),"128,042","129,700","129,732","131,871","132,313","134,671","135,758","140,132","147,113","145,290","142,366",,,,,,,,,,,,,,,,
Kentucky,1,Eq. 90/10 ratio,5.3,5.3,5.1,5.4,5.2,5.0,4.7,4.9,4.0 - 4.7,3.7 - 4.3,4.0 - 4.5,,,,,,,,,,,,,,,,
Kentucky,2,Eq. 80/20 ratio,2.8,2.8,2.7,2.8,2.8,2.7,2.6,2.7,2.4,2.4,2.7,,,,,,,,,,,,,,,,
Kentucky,3,Eq. 90/50 ratio,2.3,2.3,2.4,2.5,2.4,2.4,2.4,2.4,2.1 - 2.5,2.0 - 2.3,2.2 - 2.4,,,,,,,,,,,,,,,,
Kentucky,4,Eq. 50/10 ratio,2.3,2.3,2.2,2.2,2.1,2.0,2.0,2.0,1.8 - 2.0,1.8 - 2.0,1.8 - 1.9,,,,,,,,,,,,,,,,
Kentucky,5,Gini coefficient,0.39,0.39,0.39,0.40,0.40,0.39,0.40,0.42,0.38,0.38,0.40,,,,,,,,,,,,,,,,
Kentucky,6,Top 10% share,31.0%,30.8%,31.2%,31.3%,32.3%,31.6%,32.8%,34.4%,28.9% - 33.5%,28.2% - 35.5%,29.2% - 37.4%,,,,,,,,,,,,,,,,
Kentucky,7,Bottom 10% share,1.9%,1.9%,1.9%,1.9%,2.0%,2.1%,2.2%,2.1%,2.2% - 2.8%,2.1% - 2.6%,2.0% - 2.5%,,,,,,,,,,,,,,,,
Kentucky,8,Median (nominal dollars),"64,825","64,868","67,156","68,808","68,951","72,809","74,287","74,706","85,695","94,625","86,619",,,,,,,,,,,,,,,,
Kentucky,9,Median (constant 2017 dollars),"75,649","74,550","75,965","77,971","77,392","80,871","81,726","80,538","91,924","97,291","83,537",,,,,,,,,,,,,,,,
Kentucky,10,Mean (nominal dollars),"87,492","87,285","90,371","93,164","95,118","98,363","102,938","107,399","114,826","127,831","122,849",,,,,,,,,,,,,,,,
Kentucky,11,Mean (constant 2017 dollars),"102,101","100,314","102,225","105,569","106,762","109,255","113,246","115,784","123,172","131,432","118,477",,,,,,,,,,,,,,,,
Louisiana,1,Eq. 90/10 ratio,6.4,6.1,6.6,6.0,5.7,5.4,5.7,5.9,4.6,4.0,4.6,,,,,,,,,,,,,,,,
Louisiana,2,Eq. 80/20 ratio,3.2,3.0,3.2,2.9,2.9,2.9,3.0,2.9,2.6,2.4,2.5,,,,,,,,,,,,,,,,
Louisiana,3,Eq. 90/50 ratio,2.7,2.7,2.6,2.5,2.4,2.4,2.5,2.5,2.3,2.1,2.3,,,,,,,,,,,,,,,,
Louisiana,4,Eq. 50/10 ratio,2.4,2.3,2.5,2.4,2.4,2.2,2.3,2.3,2.0,1.9,2.0,,,,,,,,,,,,,,,,
Louisiana,5,Gini coefficient,0.44,0.45,0.47,0.45,0.44,0.44,0.44,0.44,0.42,0.39,0.40,,,,,,,,,,,,,,,,
Louisiana,6,Top 10% share,36.0%,36.7%,38.0%,36.8%,35.8%,36.6%,36.4%,36.1%,35.3%,35.6%,35.5%,,,,,,,,,,,,,,,,
Louisiana,7,Bottom 10% share,1.6%,1.7%,1.4%,1.5%,1.7%,1.7%,1.7%,1.7%,2.0%,2.2%,1.9%,,,,,,,,,,,,,,,,
Louisiana,8,Median (nominal dollars),"70,653","69,481","71,266","72,283","73,210","74,340","76,367","78,769","88,016","97,101","93,581",,,,,,,,,,,,,,,,
Louisiana,9,Median (constant 2017 dollars),"80,469","78,096","78,586","80,045","79,598","80,461","82,445","83,494","92,247","97,470","89,042",,,,,,,,,,,,,,,,
Louisiana,10,Mean (nominal dollars),"107,051","106,692","110,642","108,567","106,795","109,573","113,257","116,175","126,493","137,979","136,056",,,,,,,,,,,,,,,,
Louisiana,11,Mean (constant 2017 dollars),"121,924","119,921","122,007","120,225","116,113","118,595","122,272","123,144","132,574","138,503","129,457",,,,,,,,,,,,,,,,
Maine,1,Eq. 90/10 ratio,4.3,4.1,4.2,4.4,4.3,4.5,4.6,4.8,3.7 - 4.2,3.5 - 4.1,3.8 - 4.4,,,,,,,,,,,,,,,,
Maine,2,Eq. 80/20 ratio,2.4,2.5,2.5,2.5,2.6,2.6,2.7,2.7,2.2,2.5,2.4,,,,,,,,,,,,,,,,
Maine,3,Eq. 90/50 ratio,2.2,2.1,2.1,2.2,2.2,2.3,2.2,2.2,2.1 - 2.4,2.0 - 2.3,2.0 - 2.3,,,,,,,,,,,,,,,,
Maine,4,Eq. 50/10 ratio,2.0,1.9,2.0,2.0,1.9,2.0,2.1,2.2,1.7 - 1.8,1.7 - 1.9,1.8 - 2.0,,,,,,,,,,,,,,,,
Maine,5,Gini coefficient,0.37,0.35,0.36,0.36,0.37,0.37,0.37,0.37,0.37,0.35,0.37,,,,,,,,,,,,,,,,
Maine,6,Top 10% share,30.1%,29.6%,29.6%,30.1%,30.6%,30.4%,29.8%,29.0%,26.9% - 32.6%,25.0% - 31.3%,26.8% - 34.0%,,,,,,,,,,,,,,,,
Maine,7,Bottom 10% share,2.3%,2.5%,2.4%,2.3%,2.4%,2.3%,2.2%,2.0%,2.4% - 3.0%,2.5% - 3.0%,2.2% - 2.7%,,,,,,,,,,,,,,,,
Maine,8,Median (nominal dollars),"72,027","71,961","73,789","74,941","75,115","77,477","82,532","90,302","94,559","109,651","105,950",,,,,,,,,,,,,,,,
Maine,9,Median (constant 2017 dollars),"78,539","76,358","82,019","80,244","78,533","79,375","82,796","91,275","92,308","103,427","90,543",,,,,,,,,,,,,,,,
Maine,10,Mean (nominal dollars),"94,595","93,249","95,900","97,984","100,491","104,279","110,817","116,763","122,382","140,598","141,862",,,,,,,,,,,,,,,,
Maine,11,Mean (constant 2017 dollars),"103,147","98,947","106,597","104,917","105,064","106,835","111,171","118,021","119,469","132,617","121,233",,,,,,,,,,,,,,,,
Maryland,1,Eq. 90/10 ratio,5.3,5.4,5.4,5.4,5.3,5.4,5.3,5.1,4.7 - 5.2,4.0 - 4.4,4.7 - 5.4,,,,,,,,,,,,,,,,
Maryland,2,Eq. 80/20 ratio,3.1,3.0,3.1,3.1,3.1,3.1,3.1,3.0,3.0,2.6,3.0,,,,,,,,,,,,,,,,
Maryland,3,Eq. 90/50 ratio,2.3,2.4,2.4,2.4,2.4,2.5,2.4,2.3,2.2 - 2.4,2.0 - 2.2,2.2 - 2.4,,,,,,,,,,,,,,,,
Maryland,4,Eq. 50/10 ratio,2.3,2.3,2.2,2.2,2.2,2.2,2.2,2.2,2.0 - 2.2,1.9 - 2.0,2.1 - 2.3,,,,,,,,,,,,,,,,
Maryland,5,Gini coefficient,0.42,0.41,0.41,0.41,0.41,0.41,0.40,0.40,0.39,0.38,0.40,,,,,,,,,,,,,,,,
Maryland,6,Top 10% share,32.9%,32.6%,32.5%,32.9%,33.0%,32.7%,31.4%,30.9%,28.7% - 34.4%,26.2% - 33.2%,28.2% - 33.4%,,,,,,,,,,,,,,,,
Maryland,7,Bottom 10% share,1.9%,1.9%,1.9%,1.9%,2.0%,2.0%,2.1%,2.2%,1.9% - 2.2%,2.2% - 2.6%,1.8% - 2.2%,,,,,,,,,,,,,,,,
Maryland,8,Median (nominal dollars),"103,083","100,971","104,573","104,503","107,423","107,233","113,794","120,387","124,828","148,843","142,758",,,,,,,,,,,,,,,,
Maryland,9,Median (constant 2017 dollars),"101,521","97,122","99,781","99,499","101,898","100,459","104,849","110,661","112,128","128,616","117,211",,,,,,,,,,,,,,,,
Maryland,10,Mean (nominal dollars),"141,012","138,290","141,716","147,560","151,702","154,030","157,061","161,586","173,618","191,719","189,050",,,,,,,,,,,,,,,,
Maryland,11,Mean (constant 2017 dollars),"138,874","133,019","135,223","140,494","143,900","144,300","144,714","148,532","155,955","165,665","155,218",,,,,,,,,,,,,,,,
Massachusetts,1,Eq. 90/10 ratio,5.4,5.4,5.8,5.9,5.8,5.7,5.6,5.7,5.2,5.2,5.6,,,,,,,,,,,,,,,,
Massachusetts,2,Eq. 80/20 ratio,3.1,3.1,3.2,3.2,3.1,3.0,3.0,3.2,3.0,3.0,3.1,,,,,,,,,,,,,,,,
Massachusetts,3,Eq. 90/50 ratio,2.5,2.4,2.4,2.4,2.5,2.5,2.5,2.5,2.4,2.5,2.6,,,,,,,,,,,,,,,,
Massachusetts,4,Eq. 50/10 ratio,2.2,2.2,2.4,2.4,2.4,2.3,2.2,2.3,2.1,2.1,2.2,,,,,,,,,,,,,,,,
Massachusetts,5,Gini coefficient,0.44,0.44,0.45,0.44,0.44,0.44,0.44,0.44,0.42,0.45,0.46,,,,,,,,,,,,,,,,
Massachusetts,6,Top 10% share,35.5%,35.5%,36.0%,36.7%,36.7%,36.8%,36.3%,36.1%,35.1%,37.0%,38.7%,,,,,,,,,,,,,,,,
Massachusetts,7,Bottom 10% share,1.9%,1.7%,1.6%,1.6%,1.6%,1.7%,1.7%,1.7%,1.8%,1.9%,1.6%,,,,,,,,,,,,,,,,
Massachusetts,8,Median (nominal dollars),"98,901","100,098","102,052","105,802","107,839","110,666","117,671","125,827","131,352","137,890","139,123",,,,,,,,,,,,,,,,
Massachusetts,9,Median (constant 2017 dollars),"100,168","101,153","100,518","103,612","101,420","103,177","107,501","113,593","115,154","118,641","109,596",,,,,,,,,,,,,,,,
Massachusetts,10,Mean (nominal dollars),"146,098","147,404","151,186","158,787","161,718","166,539","174,324","183,892","191,971","207,620","214,704",,,,,,,,,,,,,,,,
Massachusetts,11,Mean (constant 2017 dollars),"147,970","148,958","148,913","155,500","152,092","155,270","159,259","166,012","168,297","178,638","169,136",,,,,,,,,,,,,,,,
Michigan,1,Eq. 90/10 ratio,5.1,5.2,5.0,4.7,4.5,4.7,4.7,4.8,4.2,4.2,4.6,,,,,,,,,,,,,,,,
Michigan,2,Eq. 80/20 ratio,2.8,2.8,2.7,2.6,2.6,2.7,2.7,2.6,2.5,2.4,2.6,,,,,,,,,,,,,,,,
Michigan,3,Eq. 90/50 ratio,2.3,2.3,2.3,2.2,2.3,2.3,2.3,2.3,2.3,2.3,2.4,,,,,,,,,,,,,,,,
Michigan,4,Eq. 50/10 ratio,2.3,2.2,2.2,2.1,2.0,2.0,2.1,2.1,1.8,1.8,1.9,,,,,,,,,,,,,,,,
Michigan,5,Gini coefficient,0.41,0.40,0.41,0.39,0.38,0.39,0.39,0.40,0.41,0.39,0.41,,,,,,,,,,,,,,,,
Michigan,6,Top 10% share,32.9%,32.2%,33.0%,33.0%,32.4%,32.7%,32.9%,33.3%,36.5%,34.8%,34.4%,,,,,,,,,,,,,,,,
Michigan,7,Bottom 10% share,1.8%,2.0%,2.0%,2.1%,2.2%,2.1%,2.1%,2.1%,2.1%,2.1%,2.0%,,,,,,,,,,,,,,,,
Michigan,8,Median (nominal dollars),"72,582","71,876","73,202","77,804","80,207","80,474","83,263","84,190","86,480","95,386","97,808",,,,,,,,,,,,,,,,
Michigan,9,Median (constant 2017 dollars),"80,803","78,800","78,936","85,317","87,158","86,808","86,380","85,335","87,540","92,904","90,215",,,,,,,,,,,,,,,,
Michigan,10,Mean (nominal dollars),"100,308","99,065","101,240","105,730","108,827","111,495","115,311","117,632","128,155","137,632","137,682",,,,,,,,,,,,,,,,
Michigan,11,Mean (constant 2017 dollars),"111,669","108,607","109,170","115,939","118,259","120,270","119,628","119,232","129,726","134,050","126,994",,,,,,,,,,,,,,,,
Minnesota,1,Eq. 90/10 ratio,4.8,4.6,4.7,4.9,4.8,4.8,4.6,4.7,4.5,3.8 - 4.2,4.7 - 5.3,,,,,,,,,,,,,,,,
Minnesota,2,Eq. 80/20 ratio,2.8,2.7,2.7,2.8,2.8,2.8,2.8,2.8,2.6,2.5,2.7,,,,,,,,,,,,,,,,
Minnesota,3,Eq. 90/50 ratio,2.2,2.2,2.3,2.4,2.4,2.3,2.2,2.3,2.3,2.0 - 2.2,2.3 - 2.5,,,,,,,,,,,,,,,,
Minnesota,4,Eq. 50/10 ratio,2.2,2.1,2.0,2.1,2.0,2.1,2.0,2.1,1.9,1.8 - 1.9,2.0 - 2.2,,,,,,,,,,,,,,,,
Minnesota,5,Gini coefficient,0.40,0.40,0.39,0.39,0.39,0.39,0.39,0.39,0.39,0.37,0.40,,,,,,,,,,,,,,,,
Minnesota,6,Top 10% share,33.6%,32.7%,32.3%,32.4%,31.7%,32.0%,32.1%,32.2%,34.9%,27.2% - 36.9%,31.3% - 38.2%,,,,,,,,,,,,,,,,
Minnesota,7,Bottom 10% share,1.9%,2.0%,2.1%,2.1%,2.1%,2.0%,2.1%,2.1%,2.2%,2.0% - 2.4%,1.8% - 2.1%,,,,,,,,,,,,,,,,
Minnesota,8,Median (nominal dollars),"85,535","86,889","91,714","94,968","97,765","99,250","100,495","102,707","108,772","129,188","121,034",,,,,,,,,,,,,,,,
Minnesota,9,Median (constant 2017 dollars),"92,904","93,055","96,028","99,888","102,261","102,568","98,898","100,385","106,185","120,457","106,732",,,,,,,,,,,,,,,,
Minnesota,10,Mean (nominal dollars),"118,397","119,572","125,912","129,742","131,278","133,867","137,424","139,863","152,884","172,245","170,695",,,,,,,,,,,,,,,,
Minnesota,11,Mean (constant 2017 dollars),"128,597","128,057","131,835","136,465","137,314","138,342","135,240","136,701","149,248","160,605","150,525",,,,,,,,,,,,,,,,
Mississippi,1,Eq. 90/10 ratio,5.5,5.3,5.8,5.5,5.4,5.1,5.1,5.4,4.5,4.5,6.0,,,,,,,,,,,,,,,,
Mississippi,2,Eq. 80/20 ratio,2.7,2.6,2.7,2.6,2.7,2.7,2.7,2.7,2.4,2.6,2.9,,,,,,,,,,,,,,,,
Mississippi,3,Eq. 90/50 ratio,2.4,2.3,2.3,2.3,2.3,2.3,2.3,2.4,2.2,2.3,2.3,,,,,,,,,,,,,,,,
Mississippi,4,Eq. 50/10 ratio,2.3,2.3,2.5,2.4,2.3,2.2,2.2,2.3,2.1,2.0,2.6,,,,,,,,,,,,,,,,
Mississippi,5,Gini coefficient,0.43,0.42,0.44,0.42,0.42,0.40,0.40,0.40,0.40,0.39,0.42,,,,,,,,,,,,,,,,
Mississippi,6,Top 10% share,33.2%,34.3%,35.1%,34.4%,33.5%,32.3%,31.4%,32.1%,33.2%,31.9%,35.0%,,,,,,,,,,,,,,,,
Mississippi,7,Bottom 10% share,1.7%,1.7%,1.6%,1.6%,1.6%,1.8%,1.8%,1.8%,2.0%,2.0%,1.5%,,,,,,,,,,,,,,,,
Mississippi,8,Median (nominal dollars),"63,556","64,129","64,021","64,779","65,035","67,744","70,324","72,266","77,112","84,586","83,236",,,,,,,,,,,,,,,,
Mississippi,9,Median (constant 2017 dollars),"75,950","75,361","74,133","75,456","74,795","77,151","79,979","80,669","86,085","90,016","82,138",,,,,,,,,,,,,,,,
Mississippi,10,Mean (nominal dollars),"88,095","89,721","91,186","91,328","91,136","92,726","94,658","97,989","105,194","112,541","117,315",,,,,,,,,,,,,,,,
Mississippi,11,Mean (constant 2017 dollars),"105,274","105,436","105,589","106,381","104,813","105,601","107,652","109,382","117,435","119,765","115,768",,,,,,,,,,,,,,,,
Missouri,1,Eq. 90/10 ratio,5.0,5.0,4.9,4.9,4.8,4.9,5.0,4.7,4.7,4.1,4.9,,,,,,,,,,,,,,,,
Missouri,2,Eq. 80/20 ratio,2.7,2.8,2.6,2.6,2.6,2.6,2.7,2.7,2.6,2.5,2.6,,,,,,,,,,,,,,,,
Missouri,3,Eq. 90/50 ratio,2.4,2.4,2.4,2.3,2.3,2.3,2.4,2.3,2.3,2.1,2.2,,,,,,,,,,,,,,,,
Missouri,4,Eq. 50/10 ratio,2.1,2.1,2.0,2.1,2.1,2.1,2.1,2.0,2.0,1.9,2.2,,,,,,,,,,,,,,,,
Missouri,5,Gini coefficient,0.42,0.42,0.42,0.40,0.40,0.40,0.41,0.40,0.42,0.40,0.42,,,,,,,,,,,,,,,,
Missouri,6,Top 10% share,35.3%,35.3%,35.0%,33.1%,33.5%,33.5%,33.8%,32.7%,34.3%,32.3%,36.1%,,,,,,,,,,,,,,,,
Missouri,7,Bottom 10% share,1.8%,1.9%,1.9%,2.0%,2.0%,2.0%,1.9%,2.0%,2.1%,2.3%,1.7%,,,,,,,,,,,,,,,,
Missouri,8,Median (nominal dollars),"67,104","67,472","71,392","77,110","78,919","79,635","82,664","85,675","92,253","99,340","99,946",,,,,,,,,,,,,,,,
Missouri,9,Median (constant 2017 dollars),"76,775","75,880","78,725","85,866","87,562","86,826","88,249","89,432","95,619","99,069","94,523",,,,,,,,,,,,,,,,
Missouri,10,Mean (nominal dollars),"96,718","97,916","102,474","106,690","110,167","112,107","116,154","118,959","129,036","136,881","141,837",,,,,,,,,,,,,,,,
Missouri,11,Mean (constant 2017 dollars),"110,658","110,117","113,000","118,804","122,231","122,230","124,002","124,177","133,743","136,507","134,141",,,,,,,,,,,,,,,,
Montana,1,Eq. 90/10 ratio,5.3,5.6,5.3,5.3,5.1,4.8,4.7,4.7,5.1,4.3,5.2,,,,,,,,,,,,,,,,
Montana,2,Eq. 80/20 ratio,3.0,3.0,2.9,2.9,2.8,2.8,2.8,2.8,2.7,2.5,2.7,,,,,,,,,,,,,,,,
Montana,3,Eq. 90/50 ratio,2.4,2.5,2.5,2.5,2.4,2.4,2.4,2.4,2.4,2.1,2.5,,,,,,,,,,,,,,,,
Montana,4,Eq. 50/10 ratio,2.2,2.2,2.2,2.1,2.1,2.0,2.0,2.0,2.1,2.0,2.1,,,,,,,,,,,,,,,,
Montana,5,Gini coefficient,0.42,0.42,0.43,0.43,0.42,0.41,0.41,0.42,0.44,0.41,0.43,,,,,,,,,,,,,,,,
Montana,6,Top 10% share,34.0%,32.4%,34.6%,35.0%,33.8%,33.5%,34.2%,35.3%,35.7%,35.9%,37.1%,,,,,,,,,,,,,,,,
Montana,7,Bottom 10% share,1.9%,1.9%,1.8%,1.9%,2.0%,2.3%,2.3%,2.3%,1.7%,2.1%,1.9%,,,,,,,,,,,,,,,,
Montana,8,Median (nominal dollars),"66,472","66,930","68,905","70,650","73,810","77,917","79,793","81,960","84,602","91,884","96,019",,,,,,,,,,,,,,,,
Montana,9,Median (constant 2017 dollars),"75,441","75,235","74,546","76,425","80,006","82,676","84,650","84,014","87,962","92,244","91,667",,,,,,,,,,,,,,,,
Montana,10,Mean (nominal dollars),"94,784","95,240","100,568","104,362","104,474","110,145","114,229","118,295","124,967","133,002","142,161",,,,,,,,,,,,,,,,
Montana,11,Mean (constant 2017 dollars),"107,572","107,057","108,803","112,892","113,243","116,872","121,182","121,260","129,929","133,523","135,718",,,,,,,,,,,,,,,,
Nebraska,1,Eq. 90/10 ratio,5.2,5.3,5.3,5.6,5.4,5.2,5.3,5.2,4.8 - 5.6,4.5 - 5.1,4.7 - 5.6,,,,,,,,,,,,,,,,
Nebraska,2,Eq. 80/20 ratio,2.9,2.9,2.9,2.9,2.9,2.8,2.9,2.9,2.7,2.6,2.8,,,,,,,,,,,,,,,,
Nebraska,3,Eq. 90/50 ratio,2.3,2.3,2.4,2.5,2.4,2.4,2.4,2.4,2.2 - 2.5,2.4 - 2.6,2.2 - 2.5,,,,,,,,,,,,,,,,
Nebraska,4,Eq. 50/10 ratio,2.3,2.3,2.2,2.3,2.2,2.2,2.2,2.2,2.1 - 2.3,1.9 - 2.0,2.0 - 2.3,,,,,,,,,,,,,,,,
Nebraska,5,Gini coefficient,0.44,0.44,0.44,0.45,0.44,0.43,0.43,0.43,0.44,0.42,0.45,,,,,,,,,,,,,,,,
Nebraska,6,Top 10% share,36.9%,36.5%,37.7%,38.3%,36.5%,35.7%,34.9%,34.4%,31.0% - 40.4%,32.0% - 39.3%,30.9% - 42.6%,,,,,,,,,,,,,,,,
Nebraska,7,Bottom 10% share,1.8%,1.8%,1.8%,1.7%,1.8%,1.9%,2.0%,2.2%,1.6% - 2.1%,1.7% - 2.2%,1.4% - 1.9%,,,,,,,,,,,,,,,,
Nebraska,8,Median (nominal dollars),"80,415","78,693","79,275","82,997","85,407","89,699","92,689","98,109","97,645","105,301","109,811",,,,,,,,,,,,,,,,
Nebraska,9,Median (constant 2017 dollars),"92,136","89,424","88,879","93,475","95,630","99,850","98,858","102,368","100,468","105,063","105,371",,,,,,,,,,,,,,,,
Nebraska,10,Mean (nominal dollars),"117,670","114,764","119,632","125,648","124,109","127,571","132,262","138,571","140,672","156,198","160,300",,,,,,,,,,,,,,,,
Nebraska,11,Mean (constant 2017 dollars),"134,822","130,414","134,124","141,510","138,965","142,009","141,065","144,586","144,739","155,844","153,818",,,,,,,,,,,,,,,,
Nevada,1,Eq. 90/10 ratio,6.1,6.3,6.3,6.0,5.4,5.1,5.0,5.3,5.3,4.4,4.8 - 5.4,,,,,,,,,,,,,,,,
Nevada,2,Eq. 80/20 ratio,3.3,3.3,3.2,3.0,2.9,2.8,2.9,2.9,2.8,2.6,2.9,,,,,,,,,,,,,,,,
Nevada,3,Eq. 90/50 ratio,2.5,2.6,2.6,2.7,2.5,2.4,2.4,2.5,2.4,2.3,2.4 - 2.7,,,,,,,,,,,,,,,,
Nevada,4,Eq. 50/10 ratio,2.5,2.4,2.4,2.3,2.2,2.1,2.1,2.1,2.2,1.9,1.9 - 2.1,,,,,,,,,,,,,,,,
Nevada,5,Gini coefficient,0.46,0.47,0.46,0.46,0.45,0.46,0.46,0.47,0.43,0.44,0.44,,,,,,,,,,,,,,,,
Nevada,6,Top 10% share,36.4%,36.4%,36.5%,37.3%,36.0%,37.0%,37.8%,38.0%,36.1%,38.5%,31.3% - 41.5%,,,,,,,,,,,,,,,,
Nevada,7,Bottom 10% share,1.5%,1.5%,1.6%,1.7%,1.8%,1.8%,1.8%,1.8%,1.8%,2.0%,1.9% - 2.4%,,,,,,,,,,,,,,,,
Nevada,8,Median (nominal dollars),"71,034","67,418","69,770","74,241","77,610","81,578","85,038","87,926","89,967","102,032","106,989",,,,,,,,,,,,,,,,
Nevada,9,Median (constant 2017 dollars),"73,961","70,518","72,447","77,395","81,263","81,719","86,626","85,934","88,473","98,111","95,658",,,,,,,,,,,,,,,,
Nevada,10,Mean (nominal dollars),"105,547","101,944","103,646","110,696","113,713","122,036","127,794","133,364","132,046","154,623","161,567",,,,,,,,,,,,,,,,
Nevada,11,Mean (constant 2017 dollars),"109,896","106,632","107,622","115,399","119,065","122,247","130,180","130,342","129,854","148,680","144,456",,,,,,,,,,,,,,,,
New Hampshire,1,Eq. 90/10 ratio,4.5,4.8,5.0,5.2,4.8,4.8,4.6,4.7,4.9 - 5.7,4.5 - 5.1,4.7 - 5.2,,,,,,,,,,,,,,,,
New Hampshire,2,Eq. 80/20 ratio,2.7,2.8,2.8,2.9,2.8,2.8,2.8,2.8,3.0,2.9,3.0,,,,,,,,,,,,,,,,
New Hampshire,3,Eq. 90/50 ratio,2.1,2.2,2.2,2.3,2.3,2.3,2.3,2.3,2.2 - 2.5,2.1 - 2.3,2.3 - 2.5,,,,,,,,,,,,,,,,
New Hampshire,4,Eq. 50/10 ratio,2.1,2.2,2.2,2.3,2.1,2.1,2.1,2.0,2.1 - 2.4,2.1 - 2.3,2.0 - 2.2,,,,,,,,,,,,,,,,
New Hampshire,5,Gini coefficient,0.39,0.39,0.40,0.39,0.38,0.38,0.38,0.39,0.39,0.41,0.42,,,,,,,,,,,,,,,,
New Hampshire,6,Top 10% share,32.1%,31.2%,31.7%,30.6%,31.0%,30.6%,30.7%,31.4%,28.9% - 32.1%,30.2% - 35.9%,32.0% - 39.3%,,,,,,,,,,,,,,,,
New Hampshire,7,Bottom 10% share,2.2%,2.2%,2.2%,2.1%,2.1%,2.1%,2.4%,2.4%,1.8% - 2.1%,2.0% - 2.3%,1.9% - 2.3%,,,,,,,,,,,,,,,,
New Hampshire,8,Median (nominal dollars),"97,090","96,764","99,043","107,112","109,836","112,789","113,844","117,427","122,084","127,562","121,455",,,,,,,,,,,,,,,,
New Hampshire,9,Median (constant 2017 dollars),"99,774","98,238","99,839","105,895","106,286","106,641","107,755","109,101","110,820","114,151","97,232",,,,,,,,,,,,,,,,
New Hampshire,10,Mean (nominal dollars),"129,338","127,287","131,162","140,201","144,525","149,330","152,463","160,608","163,508","170,589","174,645",,,,,,,,,,,,,,,,
New Hampshire,11,Mean (constant 2017 dollars),"132,913","129,226","132,216","138,608","139,854","141,190","144,309","149,221","148,423","152,655","139,813",,,,,,,,,,,,,,,,
New Jersey,1,Eq. 90/10 ratio,6.1,6.2,6.4,6.2,5.8,6.0,6.2,6.1,4.8,5.3,5.4,,,,,,,,,,,,,,,,
New Jersey,2,Eq. 80/20 ratio,3.2,3.3,3.2,3.2,3.1,3.2,3.2,3.3,2.8,3.0,3.2,,,,,,,,,,,,,,,,
New Jersey,3,Eq. 90/50 ratio,2.5,2.6,2.6,2.6,2.6,2.7,2.8,2.7,2.3,2.6,2.4,,,,,,,,,,,,,,,,
New Jersey,4,Eq. 50/10 ratio,2.4,2.4,2.5,2.4,2.2,2.2,2.2,2.2,2.1,2.1,2.2,,,,,,,,,,,,,,,,
New Jersey,5,Gini coefficient,0.44,0.45,0.44,0.44,0.45,0.46,0.47,0.46,0.42,0.43,0.44,,,,,,,,,,,,,,,,
New Jersey,6,Top 10% share,35.9%,36.0%,36.0%,36.0%,36.4%,37.1%,37.9%,37.3%,35.3%,35.8%,37.0%,,,,,,,,,,,,,,,,
New Jersey,7,Bottom 10% share,1.7%,1.6%,1.5%,1.6%,1.7%,1.7%,1.6%,1.6%,2.1%,1.8%,1.8%,,,,,,,,,,,,,,,,
New Jersey,8,Median (nominal dollars),"103,508","101,886","104,108","105,698","106,250","108,763","112,896","121,879","132,388","137,541","137,252",,,,,,,,,,,,,,,,
New Jersey,9,Median (constant 2017 dollars),"100,067","97,523","98,204","99,672","99,078","99,488","99,597","105,832","114,283","115,528","108,754",,,,,,,,,,,,,,,,
New Jersey,10,Mean (nominal dollars),"150,674","149,837","154,339","158,423","161,150","166,771","176,683","189,250","195,094","199,785","207,427",,,,,,,,,,,,,,,,
New Jersey,11,Mean (constant 2017 dollars),"145,665","143,421","145,586","149,391","150,272","152,549","155,871","164,334","168,414","167,811","164,359",,,,,,,,,,,,,,,,
New Mexico,1,Eq. 90/10 ratio,6.5,6.2,5.6,5.2,5.3,5.2,4.9,4.9,4.5,4.5,4.9,,,,,,,,,,,,,,,,
New Mexico,2,Eq. 80/20 ratio,3.2,3.1,3.0,2.8,2.8,2.8,2.8,2.8,2.6,2.6,2.8,,,,,,,,,,,,,,,,
New Mexico,3,Eq. 90/50 ratio,2.7,2.8,2.7,2.5,2.4,2.5,2.3,2.4,2.4,2.3,2.5,,,,,,,,,,,,,,,,
New Mexico,4,Eq. 50/10 ratio,2.4,2.2,2.1,2.1,2.2,2.1,2.1,2.0,1.9,2.0,1.9,,,,,,,,,,,,,,,,
New Mexico,5,Gini coefficient,0.45,0.44,0.44,0.42,0.42,0.42,0.43,0.42,0.39,0.38,0.39,,,,,,,,,,,,,,,,
New Mexico,6,Top 10% share,35.1%,34.6%,34.7%,32.2%,32.5%,32.9%,35.1%,34.2%,30.2%,30.9%,30.9%,,,,,,,,,,,,,,,,
New Mexico,7,Bottom 10% share,1.5%,1.7%,1.9%,2.0%,1.9%,2.0%,2.0%,2.2%,2.5%,2.1%,2.2%,,,,,,,,,,,,,,,,
New Mexico,8,Median (nominal dollars),"64,227","62,196","65,673","69,902","73,531","72,942","73,733","78,410","89,914","93,405","94,688",,,,,,,,,,,,,,,,
New Mexico,9,Median (constant 2017 dollars),"70,417","67,952","70,829","75,296","79,210","76,204","78,858","81,480","93,618","95,413","89,687",,,,,,,,,,,,,,,,
New Mexico,10,Mean (nominal dollars),"93,883","89,413","94,195","96,678","99,954","101,585","105,106","109,641","116,985","125,559","126,746",,,,,,,,,,,,,,,,
New Mexico,11,Mean (constant 2017 dollars),"102,932","97,690","101,590","104,137","107,673","106,127","112,412","113,933","121,803","128,258","120,051",,,,,,,,,,,,,,,,
New York,1,Eq. 90/10 ratio,5.4,5.3,5.5,5.5,5.6,5.4,5.7,5.5,5.0,5.0,5.1,,,,,,,,,,,,,,,,
New York,2,Eq. 80/20 ratio,3.0,3.0,3.0,3.0,3.1,3.0,3.1,3.0,2.8,2.9,2.9,,,,,,,,,,,,,,,,
New York,3,Eq. 90/50 ratio,2.6,2.6,2.6,2.6,2.6,2.6,2.6,2.6,2.6,2.4,2.4,,,,,,,,,,,,,,,,
New York,4,Eq. 50/10 ratio,2.1,2.1,2.1,2.1,2.1,2.1,2.2,2.1,2.0,2.1,2.1,,,,,,,,,,,,,,,,
New York,5,Gini coefficient,0.48,0.47,0.47,0.46,0.47,0.47,0.48,0.47,0.44,0.45,0.45,,,,,,,,,,,,,,,,
New York,6,Top 10% share,39.8%,39.6%,39.1%,38.7%,39.5%,40.2%,40.4%,39.1%,37.0%,37.3%,38.4%,,,,,,,,,,,,,,,,
New York,7,Bottom 10% share,1.6%,1.6%,1.7%,1.8%,1.8%,1.8%,1.7%,1.8%,2.1%,1.8%,1.8%,,,,,,,,,,,,,,,,
New York,8,Median (nominal dollars),"85,593","86,247","88,436","94,284","96,441","101,461","103,946","110,171","125,023","130,814","125,308",,,,,,,,,,,,,,,,
New York,9,Median (constant 2017 dollars),"82,511","82,015","83,574","88,360","89,093","92,283","92,950","97,140","108,498","109,415","100,358",,,,,,,,,,,,,,,,
New York,10,Mean (nominal dollars),"135,833","136,518","140,104","145,952","150,521","160,180","167,263","174,386","189,333","195,050","189,944",,,,,,,,,,,,,,,,
New York,11,Mean (constant 2017 dollars),"130,942","129,820","132,402","136,782","139,052","145,691","149,569","153,760","164,307","163,144","152,124",,,,,,,,,,,,,,,,
North Carolina,1,Eq. 90/10 ratio,5.3,5.4,5.9,5.7,5.7,5.8,5.7,5.7,5.3,4.5,5.7,,,,,,,,,,,,,,,,
North Carolina,2,Eq. 80/20 ratio,2.9,2.9,2.9,2.9,2.9,3.0,2.9,3.0,3.0,2.6,2.8,,,,,,,,,,,,,,,,
North Carolina,3,Eq. 90/50 ratio,2.5,2.5,2.5,2.5,2.5,2.5,2.5,2.5,2.4,2.2,2.6,,,,,,,,,,,,,,,,
North Carolina,4,Eq. 50/10 ratio,2.1,2.2,2.3,2.3,2.3,2.3,2.3,2.3,2.2,2.0,2.2,,,,,,,,,,,,,,,,
North Carolina,5,Gini coefficient,0.43,0.42,0.43,0.42,0.43,0.43,0.43,0.43,0.41,0.40,0.44,,,,,,,,,,,,,,,,
North Carolina,6,Top 10% share,34.9%,34.1%,34.8%,34.6%,34.5%,34.3%,34.7%,34.5%,32.8%,34.0%,36.3%,,,,,,,,,,,,,,,,
North Carolina,7,Bottom 10% share,1.9%,1.9%,1.6%,1.7%,1.8%,1.8%,1.8%,1.8%,2.0%,2.2%,1.6%,,,,,,,,,,,,,,,,
North Carolina,8,Median (nominal dollars),"68,951","67,607","68,547","70,952","72,881","74,549","76,782","79,273","88,272","96,877","92,752",,,,,,,,,,,,,,,,
North Carolina,9,Median (constant 2017 dollars),"78,032","75,345","75,254","77,948","79,079","80,112","80,979","83,319","92,343","94,787","84,847",,,,,,,,,,,,,,,,
North Carolina,10,Mean (nominal dollars),"98,967","95,990","100,046","104,273","106,788","108,737","111,064","114,739","121,867","134,695","139,542",,,,,,,,,,,,,,,,
North Carolina,11,Mean (constant 2017 dollars),"112,002","106,976","109,834","114,555","115,870","116,851","117,134","120,595","127,487","131,789","127,649",,,,,,,,,,,,,,,,
North Dakota,1,Eq. 90/10 ratio,5.3,5.2,5.4,5.2,5.3,5.4,5.1,5.0,5.2,4.7,4.0 - 4.6,,,,,,,,,,,,,,,,
North Dakota,2,Eq. 80/20 ratio,3.0,3.0,3.0,3.0,2.9,2.9,2.9,2.8,2.8,2.7,2.6,,,,,,,,,,,,,,,,
North Dakota,3,Eq. 90/50 ratio,2.3,2.3,2.4,2.3,2.4,2.4,2.3,2.3,2.3,2.2,1.9 - 2.1,,,,,,,,,,,,,,,,
North Dakota,4,Eq. 50/10 ratio,2.3,2.2,2.2,2.2,2.2,2.2,2.2,2.2,2.2,2.1,2.0 - 2.3,,,,,,,,,,,,,,,,
North Dakota,5,Gini coefficient,0.47,0.45,0.44,0.42,0.43,0.44,0.43,0.41,0.42,0.44,0.43,,,,,,,,,,,,,,,,
North Dakota,6,Top 10% share,38.5%,36.4%,34.7%,33.6%,33.8%,33.8%,34.2%,33.2%,36.0%,37.5%,33.7% - 46.2%,,,,,,,,,,,,,,,,
North Dakota,7,Bottom 10% share,1.7%,1.8%,1.8%,1.9%,1.8%,1.8%,1.8%,1.9%,1.9%,1.8%,1.8% - 2.3%,,,,,,,,,,,,,,,,
North Dakota,8,Median (nominal dollars),"92,470","90,618","96,338","91,077","87,621","87,463","96,094","99,332","100,927","106,636","114,124",,,,,,,,,,,,,,,,
North Dakota,9,Median (constant 2017 dollars),"106,243","102,449","107,148","102,663","97,212","98,599","103,239","102,895","104,904","107,569","110,931",,,,,,,,,,,,,,,,
North Dakota,10,Mean (nominal dollars),"137,405","132,538","137,810","127,718","121,858","122,931","133,190","136,657","147,410","155,607","168,965",,,,,,,,,,,,,,,,
North Dakota,11,Mean (constant 2017 dollars),"157,871","149,842","153,274","143,965","135,197","138,582","143,093","141,559","153,218","156,969","164,237",,,,,,,,,,,,,,,,
Ohio,1,Eq. 90/10 ratio,5.2,5.4,5.6,5.7,5.3,5.0,4.8,4.8,4.8,4.3,4.8,,,,,,,,,,,,,,,,
Ohio,2,Eq. 80/20 ratio,2.8,2.8,2.9,2.9,2.9,2.8,2.7,2.7,2.7,2.6,2.8,,,,,,,,,,,,,,,,
Ohio,3,Eq. 90/50 ratio,2.3,2.4,2.4,2.5,2.4,2.3,2.4,2.3,2.4,2.3,2.5,,,,,,,,,,,,,,,,
Ohio,4,Eq. 50/10 ratio,2.2,2.2,2.3,2.3,2.2,2.1,2.0,2.0,2.0,1.9,1.9,,,,,,,,,,,,,,,,
Ohio,5,Gini coefficient,0.41,0.42,0.41,0.41,0.41,0.41,0.41,0.40,0.39,0.40,0.40,,,,,,,,,,,,,,,,
Ohio,6,Top 10% share,32.9%,33.9%,33.6%,33.0%,32.8%,33.0%,33.7%,33.2%,32.2%,33.4%,33.3%,,,,,,,,,,,,,,,,
Ohio,7,Bottom 10% share,1.8%,1.7%,1.7%,1.7%,1.8%,2.0%,2.1%,2.2%,2.3%,2.2%,2.0%,,,,,,,,,,,,,,,,
Ohio,8,Median (nominal dollars),"70,716","70,605","72,595","76,851","79,398","83,331","85,950","88,738","94,760","98,624","97,463",,,,,,,,,,,,,,,,
Ohio,9,Median (constant 2017 dollars),"80,403","79,022","80,318","85,603","87,421","90,638","90,631","91,923","98,519","98,192","91,841",,,,,,,,,,,,,,,,
Ohio,10,Mean (nominal dollars),"99,314","99,824","102,862","107,190","109,888","115,040","119,528","123,648","128,945","137,471","137,336",,,,,,,,,,,,,,,,
Ohio,11,Mean (constant 2017 dollars),"112,919","111,723","113,804","119,395","120,993","125,128","126,038","128,086","134,060","136,869","129,414",,,,,,,,,,,,,,,,
Oklahoma,1,Eq. 90/10 ratio,5.9,5.9,5.8,5.8,6.0,5.9,5.8,5.6,5.5,4.8,6.4,,,,,,,,,,,,,,,,
Oklahoma,2,Eq. 80/20 ratio,3.0,3.0,3.1,3.0,3.0,3.0,3.0,2.9,3.0,2.7,2.9,,,,,,,,,,,,,,,,
Oklahoma,3,Eq. 90/50 ratio,2.5,2.5,2.5,2.5,2.5,2.6,2.6,2.5,2.5,2.4,2.5,,,,,,,,,,,,,,,,
Oklahoma,4,Eq. 50/10 ratio,2.3,2.4,2.3,2.3,2.4,2.3,2.2,2.2,2.2,2.0,2.5,,,,,,,,,,,,,,,,
Oklahoma,5,Gini coefficient,0.48,0.49,0.49,0.47,0.45,0.46,0.45,0.44,0.45,0.44,0.46,,,,,,,,,,,,,,,,
Oklahoma,6,Top 10% share,38.6%,39.2%,40.0%,38.5%,36.9%,36.6%,35.5%,34.9%,35.1%,37.7%,38.5%,,,,,,,,,,,,,,,,
Oklahoma,7,Bottom 10% share,1.7%,1.6%,1.5%,1.5%,1.6%,1.7%,1.8%,1.9%,1.6%,2.0%,1.6%,,,,,,,,,,,,,,,,
Oklahoma,8,Median (nominal dollars),"70,538","73,101","76,572","74,369","70,559","74,257","79,307","84,182","86,540","93,915","96,207",,,,,,,,,,,,,,,,
Oklahoma,9,Median (constant 2017 dollars),"81,836","83,444","85,904","83,692","78,478","81,677","86,680","91,059","92,245","95,838","93,394",,,,,,,,,,,,,,,,
Oklahoma,10,Mean (nominal dollars),"106,058","112,376","119,222","114,119","105,765","110,161","116,323","121,713","126,160","137,466","143,178",,,,,,,,,,,,,,,,
Oklahoma,11,Mean (constant 2017 dollars),"123,044","128,276","133,752","128,426","117,634","121,168","127,137","131,656","134,477","140,280","138,992",,,,,,,,,,,,,,,,
Oregon,1,Eq. 90/10 ratio,5.3,5.4,5.1,4.7,4.9,5.1,5.0,4.8,4.4,3.7,4.7,,,,,,,,,,,,,,,,
Oregon,2,Eq. 80/20 ratio,3.0,3.0,2.9,2.8,2.8,2.9,3.0,2.9,2.5,2.3,2.6,,,,,,,,,,,,,,,,
Oregon,3,Eq. 90/50 ratio,2.4,2.4,2.4,2.3,2.4,2.5,2.5,2.5,2.2,2.1,2.3,,,,,,,,,,,,,,,,
Oregon,4,Eq. 50/10 ratio,2.2,2.3,2.2,2.0,2.0,2.0,2.0,2.0,2.0,1.8,2.0,,,,,,,,,,,,,,,,
Oregon,5,Gini coefficient,0.40,0.40,0.40,0.40,0.40,0.40,0.41,0.41,0.38,0.36,0.40,,,,,,,,,,,,,,,,
Oregon,6,Top 10% share,30.6%,30.2%,31.2%,31.1%,32.2%,32.0%,33.0%,34.0%,32.5%,32.1%,32.5%,,,,,,,,,,,,,,,,
Oregon,7,Bottom 10% share,1.9%,1.8%,1.9%,2.0%,2.2%,2.1%,2.1%,2.1%,2.3%,2.6%,2.0%,,,,,,,,,,,,,,,,
Oregon,8,Median (nominal dollars),"74,005","75,277","79,693","84,821","83,477","84,591","86,892","89,943","103,447","109,540","116,213",,,,,,,,,,,,,,,,
Oregon,9,Median (constant 2017 dollars),"77,424","78,478","82,264","86,190","85,279","83,353","81,322","83,671","95,820","97,471","93,977",,,,,,,,,,,,,,,,
Oregon,10,Mean (nominal dollars),"99,161","98,814","104,595","111,518","114,063","116,546","121,230","128,411","142,942","148,580","157,551",,,,,,,,,,,,,,,,
Oregon,11,Mean (constant 2017 dollars),"103,741","103,016","107,969","113,318","116,526","114,839","113,459","119,457","132,404","132,210","127,406",,,,,,,,,,,,,,,,
Pennsylvania,1,Eq. 90/10 ratio,5.0,5.1,5.2,5.0,4.7,4.9,4.9,4.8,4.5,4.3,4.6,,,,,,,,,,,,,,,,
Pennsylvania,2,Eq. 80/20 ratio,2.8,2.8,2.8,2.7,2.7,2.8,2.7,2.7,2.5,2.5,2.6,,,,,,,,,,,,,,,,
Pennsylvania,3,Eq. 90/50 ratio,2.3,2.3,2.4,2.4,2.4,2.4,2.4,2.4,2.3,2.3,2.3,,,,,,,,,,,,,,,,
Pennsylvania,4,Eq. 50/10 ratio,2.2,2.2,2.2,2.1,2.0,2.0,2.0,2.0,1.9,1.9,2.0,,,,,,,,,,,,,,,,
Pennsylvania,5,Gini coefficient,0.42,0.41,0.42,0.41,0.41,0.42,0.42,0.42,0.39,0.40,0.41,,,,,,,,,,,,,,,,
Pennsylvania,6,Top 10% share,34.3%,33.7%,34.1%,34.1%,34.5%,35.4%,35.5%,34.9%,34.1%,33.5%,35.7%,,,,,,,,,,,,,,,,
Pennsylvania,7,Bottom 10% share,1.9%,1.9%,1.9%,2.0%,2.1%,2.0%,2.0%,2.0%,2.3%,2.3%,1.9%,,,,,,,,,,,,,,,,
Pennsylvania,8,Median (nominal dollars),"78,968","80,013","83,603","86,965","89,750","90,396","95,433","99,763","112,205","111,945","104,808",,,,,,,,,,,,,,,,
Pennsylvania,9,Median (constant 2017 dollars),"85,217","85,366","88,515","91,013","93,356","91,195","95,298","98,308","109,769","106,796","93,869",,,,,,,,,,,,,,,,
Pennsylvania,10,Mean (nominal dollars),"111,696","111,796","116,994","122,784","127,525","130,961","137,392","141,107","153,155","160,787","155,208",,,,,,,,,,,,,,,,
Pennsylvania,11,Mean (constant 2017 dollars),"120,535","119,276","123,868","128,499","132,649","132,119","137,197","139,049","149,830","153,392","139,008",,,,,,,,,,,,,,,,
Rhode Island,1,Eq. 90/10 ratio,5.1,5.3,4.8,4.8,5.0,5.3,5.2,5.1,4.1 - 4.9,3.8 - 4.5,4.7 - 5.4,,,,,,,,,,,,,,,,
Rhode Island,2,Eq. 80/20 ratio,2.9,2.9,2.7,2.7,2.8,2.8,2.8,2.9,2.6,2.4,2.7,,,,,,,,,,,,,,,,
Rhode Island,3,Eq. 90/50 ratio,2.5,2.5,2.4,2.3,2.4,2.4,2.5,2.4,2.1 - 2.4,2.1 - 2.4,2.3 - 2.6,,,,,,,,,,,,,,,,
Rhode Island,4,Eq. 50/10 ratio,2.1,2.1,2.0,2.1,2.1,2.2,2.1,2.1,1.9 - 2.1,1.8 - 1.9,2.0 - 2.2,,,,,,,,,,,,,,,,
Rhode Island,5,Gini coefficient,0.42,0.42,0.41,0.41,0.41,0.41,0.41,0.41,0.36,0.37,0.39,,,,,,,,,,,,,,,,
Rhode Island,6,Top 10% share,33.6%,33.5%,33.0%,33.3%,33.1%,33.5%,33.0%,33.3%,26.2% - 33.4%,28.7% - 36.4%,30.7% - 35.5%,,,,,,,,,,,,,,,,
Rhode Island,7,Bottom 10% share,2.0%,2.0%,2.1%,2.0%,1.9%,1.8%,1.9%,2.0%,2.1% - 2.5%,2.2% - 2.7%,2.2% - 2.6%,,,,,,,,,,,,,,,,
Rhode Island,8,Median (nominal dollars),"77,864","79,185","82,954","85,255","84,948","88,728","91,608","98,062","107,144","114,010","115,225",,,,,,,,,,,,,,,,
Rhode Island,9,Median (constant 2017 dollars),"82,420","81,419","85,041","85,755","84,965","86,585","87,944","92,562","100,594","102,461","94,838",,,,,,,,,,,,,,,,
Rhode Island,10,Mean (nominal dollars),"112,275","113,064","116,679","117,818","117,060","122,714","128,648","136,532","140,273","154,012","159,388",,,,,,,,,,,,,,,,
Rhode Island,11,Mean (constant 2017 dollars),"118,845","116,254","119,615","118,510","117,083","119,749","123,503","128,875","131,698","138,410","131,187",,,,,,,,,,,,,,,,
South Carolina,1,Eq. 90/10 ratio,5.5,5.2,5.1,5.3,5.7,5.6,5.4,5.6,4.5,4.0,5.1,,,,,,,,,,,,,,,,
South Carolina,2,Eq. 80/20 ratio,2.9,2.8,2.8,2.8,2.9,2.9,2.8,2.8,2.5,2.4,2.8,,,,,,,,,,,,,,,,
South Carolina,3,Eq. 90/50 ratio,2.5,2.3,2.3,2.4,2.4,2.4,2.4,2.4,2.1,2.1,2.3,,,,,,,,,,,,,,,,
South Carolina,4,Eq. 50/10 ratio,2.2,2.3,2.2,2.3,2.4,2.3,2.2,2.3,2.1,1.9,2.2,,,,,,,,,,,,,,,,
South Carolina,5,Gini coefficient,0.41,0.41,0.41,0.43,0.43,0.43,0.43,0.42,0.39,0.40,0.41,,,,,,,,,,,,,,,,
South Carolina,6,Top 10% share,32.8%,32.2%,33.2%,33.9%,34.6%,34.7%,34.3%,33.6%,32.1%,33.4%,34.6%,,,,,,,,,,,,,,,,
South Carolina,7,Bottom 10% share,1.9%,1.9%,1.8%,1.7%,1.6%,1.6%,1.7%,1.6%,2.3%,2.5%,1.9%,,,,,,,,,,,,,,,,
South Carolina,8,Median (nominal dollars),"66,818","66,675","68,353","69,504","70,006","72,387","75,914","80,043","84,212","97,474","89,117",,,,,,,,,,,,,,,,
South Carolina,9,Median (constant 2017 dollars),"75,708","74,644","75,516","76,572","76,091","77,946","80,631","84,481","88,549","95,502","82,091",,,,,,,,,,,,,,,,
South Carolina,10,Mean (nominal dollars),"91,147","89,563","93,306","97,618","99,795","103,722","107,001","111,692","113,334","131,848","129,079",,,,,,,,,,,,,,,,
South Carolina,11,Mean (constant 2017 dollars),"103,274","100,268","103,083","107,546","108,469","111,688","113,650","117,884","119,171","129,180","118,902",,,,,,,,,,,,,,,,
South Dakota,1,Eq. 90/10 ratio,5.4,5.2,5.2,5.2,5.4,5.2,5.2,5.1,4.6 - 5.3,3.9 - 4.4,4.0 - 4.9,,,,,,,,,,,,,,,,
South Dakota,2,Eq. 80/20 ratio,2.9,2.9,2.8,3.0,3.0,2.9,2.9,2.8,2.7,2.5,2.4,,,,,,,,,,,,,,,,
South Dakota,3,Eq. 90/50 ratio,2.3,2.3,2.4,2.4,2.4,2.4,2.4,2.4,2.2 - 2.5,2.0 - 2.1,2.1 - 2.4,,,,,,,,,,,,,,,,
South Dakota,4,Eq. 50/10 ratio,2.3,2.2,2.2,2.1,2.2,2.1,2.2,2.1,2.0 - 2.2,1.9 - 2.1,1.8 - 2.1,,,,,,,,,,,,,,,,
South Dakota,5,Gini coefficient,0.46,0.46,0.47,0.47,0.46,0.46,0.47,0.47,0.42,0.41,0.52,,,,,,,,,,,,,,,,
South Dakota,6,Top 10% share,38.4%,38.5%,39.7%,39.8%,39.6%,37.4%,38.1%,37.9%,31.1% - 42.4%,31.6% - 43.9%,36.7% - 53.7%,,,,,,,,,,,,,,,,
South Dakota,7,Bottom 10% share,1.6%,1.6%,1.5%,1.7%,1.8%,2.0%,1.9%,1.9%,1.7% - 2.4%,1.7% - 2.2%,1.5% - 2.2%,,,,,,,,,,,,,,,,
South Dakota,8,Median (nominal dollars),"74,119","75,095","74,795","76,057","76,141","83,016","85,095","91,029","96,450","107,813","94,484",,,,,,,,,,,,,,,,
South Dakota,9,Median (constant 2017 dollars),"86,749","86,859","86,096","88,938","88,652","95,119","91,381","95,731","100,858","109,814","92,534",,,,,,,,,,,,,,,,
South Dakota,10,Mean (nominal dollars),"110,660","110,374","113,414","116,280","117,133","122,368","128,961","135,799","143,718","155,847","162,351",,,,,,,,,,,,,,,,
South Dakota,11,Mean (constant 2017 dollars),"129,518","127,665","130,551","135,974","136,380","140,210","138,487","142,813","150,285","158,739","159,000",,,,,,,,,,,,,,,,
Tennessee,1,Eq. 90/10 ratio,5.4,5.4,5.8,6.0,6.1,5.6,5.2,5.2,4.9,4.1,4.8,,,,,,,,,,,,,,,,
Tennessee,2,Eq. 80/20 ratio,2.9,2.9,3.0,2.9,2.9,2.8,2.7,2.7,2.8,2.5,2.6,,,,,,,,,,,,,,,,
Tennessee,3,Eq. 90/50 ratio,2.4,2.4,2.5,2.5,2.6,2.5,2.4,2.5,2.5,2.3,2.4,,,,,,,,,,,,,,,,
Tennessee,4,Eq. 50/10 ratio,2.2,2.3,2.3,2.4,2.4,2.2,2.2,2.1,2.0,1.8,2.0,,,,,,,,,,,,,,,,
Tennessee,5,Gini coefficient,0.43,0.43,0.44,0.44,0.44,0.46,0.45,0.45,0.43,0.42,0.44,,,,,,,,,,,,,,,,
Tennessee,6,Top 10% share,35.4%,34.3%,36.0%,36.6%,36.9%,37.1%,36.8%,37.2%,35.8%,36.9%,37.5%,,,,,,,,,,,,,,,,
Tennessee,7,Bottom 10% share,1.7%,1.7%,1.6%,1.6%,1.5%,1.7%,1.8%,1.9%,2.0%,2.3%,1.9%,,,,,,,,,,,,,,,,
Tennessee,8,Median (nominal dollars),"67,976","68,627","67,106","68,798","70,838","74,689","78,970","82,525","83,290","93,317","91,146",,,,,,,,,,,,,,,,
Tennessee,9,Median (constant 2017 dollars),"77,019","77,090","74,498","76,213","76,854","80,247","86,310","87,345","87,895","94,496","85,564",,,,,,,,,,,,,,,,
Tennessee,10,Mean (nominal dollars),"96,176","94,581","96,586","100,576","104,389","110,002","116,376","122,925","124,595","135,810","138,293",,,,,,,,,,,,,,,,
Tennessee,11,Mean (constant 2017 dollars),"108,970","106,245","107,226","111,416","113,255","118,188","127,194","130,104","131,483","137,526","129,825",,,,,,,,,,,,,,,,
Texas,1,Eq. 90/10 ratio,6.5,6.2,6.2,6.2,6.1,6.0,6.1,6.0,5.6,5.2,6.1,,,,,,,,,,,,,,,,
Texas,2,Eq. 80/20 ratio,3.4,3.3,3.3,3.3,3.2,3.2,3.1,3.1,2.9,2.8,3.0,,,,,,,,,,,,,,,,
Texas,3,Eq. 90/50 ratio,2.7,2.6,2.7,2.7,2.7,2.7,2.7,2.6,2.5,2.5,2.6,,,,,,,,,,,,,,,,
Texas,4,Eq. 50/10 ratio,2.4,2.4,2.3,2.3,2.3,2.2,2.3,2.3,2.2,2.1,2.4,,,,,,,,,,,,,,,,
Texas,5,Gini coefficient,0.49,0.49,0.49,0.47,0.46,0.47,0.48,0.48,0.47,0.45,0.48,,,,,,,,,,,,,,,,
Texas,6,Top 10% share,39.6%,38.9%,38.9%,37.6%,36.5%,37.8%,38.4%,38.1%,37.5%,37.3%,39.5%,,,,,,,,,,,,,,,,
Texas,7,Bottom 10% share,1.5%,1.7%,1.6%,1.6%,1.6%,1.6%,1.6%,1.6%,1.7%,1.7%,1.5%,,,,,,,,,,,,,,,,
Texas,8,Median (nominal dollars),"77,542","79,138","83,166","84,654","84,414","87,220","91,167","95,901","102,820","109,100","112,158",,,,,,,,,,,,,,,,
Texas,9,Median (constant 2017 dollars),"84,003","84,269","87,056","88,578","87,619","89,574","91,400","94,111","99,451","101,697","99,119",,,,,,,,,,,,,,,,
Texas,10,Mean (nominal dollars),"122,162","122,294","128,878","129,073","127,032","134,670","141,454","147,147","152,055","161,456","168,762",,,,,,,,,,,,,,,,
Texas,11,Mean (constant 2017 dollars),"132,341","130,223","134,906","135,056","131,854","138,304","141,814","144,400","147,073","150,499","149,143",,,,,,,,,,,,,,,,
Utah,1,Eq. 90/10 ratio,5.0,5.1,5.2,5.0,5.1,5.0,5.0,4.8,4.5,4.8,4.6,,,,,,,,,,,,,,,,
Utah,2,Eq. 80/20 ratio,2.8,2.9,2.9,2.9,2.8,2.7,2.6,2.7,2.6,2.7,2.6,,,,,,,,,,,,,,,,
Utah,3,Eq. 90/50 ratio,2.4,2.4,2.3,2.3,2.3,2.3,2.4,2.3,2.2,2.4,2.3,,,,,,,,,,,,,,,,
Utah,4,Eq. 50/10 ratio,2.1,2.2,2.2,2.2,2.2,2.2,2.1,2.1,2.0,2.0,2.0,,,,,,,,,,,,,,,,
Utah,5,Gini coefficient,0.43,0.42,0.40,0.41,0.42,0.42,0.42,0.42,0.39,0.39,0.42,,,,,,,,,,,,,,,,
Utah,6,Top 10% share,33.2%,32.3%,32.0%,33.3%,35.2%,36.0%,35.9%,35.5%,33.8%,32.7%,36.7%,,,,,,,,,,,,,,,,
Utah,7,Bottom 10% share,2.2%,2.2%,2.0%,2.1%,1.9%,2.0%,2.0%,2.2%,2.1%,2.1%,2.5%,,,,,,,,,,,,,,,,
Utah,8,Median (nominal dollars),"79,160","81,988","85,511","89,805","88,474","91,135","95,962","103,725","110,411","124,349","123,141",,,,,,,,,,,,,,,,
Utah,9,Median (constant 2017 dollars),"84,223","86,837","89,904","94,514","92,724","92,328","97,979","103,050","110,777","120,605","112,327",,,,,,,,,,,,,,,,
Utah,10,Mean (nominal dollars),"109,757","113,380","116,872","122,865","124,659","130,041","138,979","149,447","155,207","172,432","181,519",,,,,,,,,,,,,,,,
Utah,11,Mean (constant 2017 dollars),"116,777","120,086","122,876","129,307","130,648","131,743","141,899","148,475","155,721","167,239","165,579",,,,,,,,,,,,,,,,
Vermont,1,Eq. 90/10 ratio,4.2,4.0,4.0,4.0,4.1,4.3,4.4,4.6,3.8 - 4.3,3.8 - 4.3,4.1 - 4.5,,,,,,,,,,,,,,,,
Vermont,2,Eq. 80/20 ratio,2.5,2.4,2.4,2.4,2.4,2.5,2.5,2.7,2.4,2.5,2.4,,,,,,,,,,,,,,,,
Vermont,3,Eq. 90/50 ratio,2.2,2.2,2.2,2.2,2.2,2.3,2.3,2.3,2.1 - 2.3,2.0 - 2.2,2.1 - 2.3,,,,,,,,,,,,,,,,
Vermont,4,Eq. 50/10 ratio,2.0,1.9,1.8,1.8,1.8,1.9,1.9,2.0,1.8 - 1.9,1.9 - 2.0,1.9 - 2.0,,,,,,,,,,,,,,,,
Vermont,5,Gini coefficient,0.37,0.36,0.36,0.37,0.37,0.39,0.38,0.39,0.39,0.38,0.39,,,,,,,,,,,,,,,,
Vermont,6,Top 10% share,30.0%,29.9%,30.5%,30.7%,31.4%,32.5%,31.8%,31.4%,30.4% - 38.3%,30.5% - 37.3%,32.3% - 38.5%,,,,,,,,,,,,,,,,
Vermont,7,Bottom 10% share,2.5%,2.6%,2.6%,2.5%,2.5%,2.4%,2.3%,2.2%,2.1% - 2.5%,2.1% - 2.5%,2.1% - 2.5%,,,,,,,,,,,,,,,,
Vermont,8,Median (nominal dollars),"83,355","83,721","85,429","86,692","86,649","87,512","92,360","97,225","94,080","100,550","101,452",,,,,,,,,,,,,,,,
Vermont,9,Median (constant 2017 dollars),"88,131","86,976","89,687","88,957","89,657","87,165","90,292","94,328","88,040","93,546","86,479",,,,,,,,,,,,,,,,
Vermont,10,Mean (nominal dollars),"107,342","108,465","111,944","114,618","115,565","119,614","123,872","129,264","132,181","138,283","142,553",,,,,,,,,,,,,,,,
Vermont,11,Mean (constant 2017 dollars),"113,492","112,683","117,524","117,613","119,576","119,140","121,098","125,412","123,695","128,651","121,514",,,,,,,,,,,,,,,,
Virginia,1,Eq. 90/10 ratio,6.4,6.0,6.0,6.3,6.6,6.6,6.2,6.1,4.7,4.8,5.3,,,,,,,,,,,,,,,,
Virginia,2,Eq. 80/20 ratio,3.3,3.3,3.3,3.4,3.5,3.4,3.3,3.3,2.8,2.8,3.0,,,,,,,,,,,,,,,,
Virginia,3,Eq. 90/50 ratio,2.5,2.5,2.5,2.6,2.7,2.7,2.7,2.7,2.4,2.4,2.5,,,,,,,,,,,,,,,,
Virginia,4,Eq. 50/10 ratio,2.5,2.4,2.4,2.4,2.5,2.4,2.3,2.3,2.0,2.0,2.1,,,,,,,,,,,,,,,,
Virginia,5,Gini coefficient,0.44,0.42,0.42,0.43,0.44,0.44,0.44,0.43,0.39,0.42,0.41,,,,,,,,,,,,,,,,
Virginia,6,Top 10% share,34.2%,32.4%,32.5%,33.2%,34.0%,34.5%,34.1%,33.6%,32.2%,34.0%,33.4%,,,,,,,,,,,,,,,,
Virginia,7,Bottom 10% share,1.6%,1.8%,1.8%,1.6%,1.4%,1.5%,1.7%,1.9%,2.4%,2.0%,1.9%,,,,,,,,,,,,,,,,
Virginia,8,Median (nominal dollars),"91,958","91,785","94,295","95,081","95,217","96,925","99,625","103,715","111,270","121,904","122,469",,,,,,,,,,,,,,,,
Virginia,9,Median (constant 2017 dollars),"94,930","92,575","93,848","94,333","94,236","95,712","95,695","100,087","105,262","109,292","103,329",,,,,,,,,,,,,,,,
Virginia,10,Mean (nominal dollars),"130,163","127,439","130,527","134,649","136,758","140,485","144,782","150,187","157,346","170,930","173,650",,,,,,,,,,,,,,,,
Virginia,11,Mean (constant 2017 dollars),"134,369","128,536","129,907","133,590","135,349","138,727","139,072","144,933","148,850","153,246","146,512",,,,,,,,,,,,,,,,
Washington,1,Eq. 90/10 ratio,5.7,5.9,5.7,5.8,5.7,5.7,5.8,5.5,4.7,4.7,5.4,,,,,,,,,,,,,,,,
Washington,2,Eq. 80/20 ratio,3.1,3.3,3.3,3.3,3.2,3.1,3.1,3.1,2.8,2.7,3.1,,,,,,,,,,,,,,,,
Washington,3,Eq. 90/50 ratio,2.5,2.5,2.6,2.5,2.6,2.5,2.5,2.5,2.3,2.2,2.5,,,,,,,,,,,,,,,,
Washington,4,Eq. 50/10 ratio,2.3,2.3,2.2,2.3,2.2,2.3,2.4,2.2,2.0,2.1,2.2,,,,,,,,,,,,,,,,
Washington,5,Gini coefficient,0.44,0.45,0.45,0.45,0.44,0.44,0.44,0.43,0.40,0.40,0.45,,,,,,,,,,,,,,,,
Washington,6,Top 10% share,33.8%,34.8%,35.2%,36.0%,35.5%,36.0%,35.5%,34.8%,33.1%,33.8%,37.2%,,,,,,,,,,,,,,,,
Washington,7,Bottom 10% share,2.0%,1.9%,1.8%,1.8%,1.8%,1.8%,1.7%,1.9%,2.3%,2.0%,1.9%,,,,,,,,,,,,,,,,
Washington,8,Median (nominal dollars),"86,224","86,001","90,068","92,452","97,547","104,381","110,000","117,604","122,729","134,211","128,013",,,,,,,,,,,,,,,,
Washington,9,Median (constant 2017 dollars),"88,977","87,643","89,290","91,063","94,026","97,143","100,625","105,207","108,825","113,141","100,425",,,,,,,,,,,,,,,,
Washington,10,Mean (nominal dollars),"122,097","123,995","131,485","136,147","140,622","147,762","156,114","165,060","170,855","185,079","192,297",,,,,,,,,,,,,,,,
Washington,11,Mean (constant 2017 dollars),"125,995","126,362","130,350","134,101","135,547","137,516","142,808","147,661","151,500","156,023","150,856",,,,,,,,,,,,,,,,
West Virginia,1,Eq. 90/10 ratio,5.1,4.8,5.2,5.0,5.1,4.7,4.8,4.7,3.9,4.0,4.4,,,,,,,,,,,,,,,,
West Virginia,2,Eq. 80/20 ratio,2.6,2.6,2.6,2.6,2.5,2.5,2.6,2.6,2.4,2.5,2.5,,,,,,,,,,,,,,,,
West Virginia,3,Eq. 90/50 ratio,2.3,2.2,2.4,2.4,2.3,2.3,2.3,2.3,2.1,2.2,2.2,,,,,,,,,,,,,,,,
West Virginia,4,Eq. 50/10 ratio,2.2,2.1,2.2,2.1,2.2,2.0,2.1,2.1,1.9,1.8,2.0,,,,,,,,,,,,,,,,
West Virginia,5,Gini coefficient,0.39,0.39,0.39,0.39,0.39,0.38,0.39,0.39,0.36,0.36,0.38,,,,,,,,,,,,,,,,
West Virginia,6,Top 10% share,31.7%,31.1%,31.1%,30.8%,31.3%,31.5%,31.4%,31.2%,30.4%,30.8%,32.2%,,,,,,,,,,,,,,,,
West Virginia,7,Bottom 10% share,2.0%,1.9%,1.9%,2.1%,2.1%,2.2%,2.1%,2.2%,2.7%,2.6%,2.3%,,,,,,,,,,,,,,,,
West Virginia,8,Median (nominal dollars),"62,954","62,612","63,606","65,015","65,352","69,414","73,588","78,147","79,927","86,249","87,622",,,,,,,,,,,,,,,,
West Virginia,9,Median (constant 2017 dollars),"74,600","72,472","72,902","73,805","74,049","77,971","80,638","85,254","87,463","86,975","84,608",,,,,,,,,,,,,,,,
West Virginia,10,Mean (nominal dollars),"84,214","83,642","86,897","89,233","89,091","93,882","99,098","103,027","106,955","116,881","120,972",,,,,,,,,,,,,,,,
West Virginia,11,Mean (constant 2017 dollars),"99,794","96,814","99,597","101,298","100,947","105,454","108,591","112,397","117,039","117,864","116,811",,,,,,,,,,,,,,,,
Wisconsin,1,Eq. 90/10 ratio,4.8,4.7,4.7,4.7,4.9,4.9,4.4,4.3,4.0,4.4 - 5.0,3.8 - 4.2,,,,,,,,,,,,,,,,
Wisconsin,2,Eq. 80/20 ratio,2.7,2.7,2.6,2.6,2.7,2.7,2.6,2.5,2.4,2.6,2.3,,,,,,,,,,,,,,,,
Wisconsin,3,Eq. 90/50 ratio,2.2,2.2,2.2,2.2,2.3,2.3,2.2,2.2,2.1,2.2 - 2.4,2.0 - 2.2,,,,,,,,,,,,,,,,
Wisconsin,4,Eq. 50/10 ratio,2.2,2.2,2.2,2.1,2.2,2.1,2.0,2.0,1.9,2.0 - 2.2,1.8 - 2.0,,,,,,,,,,,,,,,,
Wisconsin,5,Gini coefficient,0.40,0.40,0.41,0.40,0.41,0.40,0.39,0.38,0.36,0.40,0.40,,,,,,,,,,,,,,,,
Wisconsin,6,Top 10% share,32.5%,32.3%,32.9%,32.7%,32.7%,32.6%,32.7%,32.4%,30.9%,30.2% - 35.8%,30.5% - 38.7%,,,,,,,,,,,,,,,,
Wisconsin,7,Bottom 10% share,2.0%,2.1%,2.0%,2.0%,1.9%,1.9%,2.1%,2.3%,2.5%,2.0% - 2.3%,1.8% - 2.3%,,,,,,,,,,,,,,,,
Wisconsin,8,Median (nominal dollars),"78,367","78,857","80,504","82,581","83,033","85,055","89,225","92,701","99,209","101,344","103,237",,,,,,,,,,,,,,,,
Wisconsin,9,Median (constant 2017 dollars),"87,857","87,669","88,339","90,955","90,614","90,929","93,065","94,837","102,340","99,737","96,376",,,,,,,,,,,,,,,,
Wisconsin,10,Mean (nominal dollars),"104,902","105,488","108,396","112,076","113,420","117,716","122,966","127,450","131,387","138,629","143,691",,,,,,,,,,,,,,,,
Wisconsin,11,Mean (constant 2017 dollars),"117,606","117,276","118,945","123,440","123,775","125,845","128,258","130,387","135,533","136,431","134,141",,,,,,,,,,,,,,,,
Wyoming,1,Eq. 90/10 ratio,5.9,5.9,6.0,5.6,5.7,5.7,5.7,5.7,5.6,5.1,5.1 - 6.2,,,,,,,,,,,,,,,,
Wyoming,2,Eq. 80/20 ratio,3.0,3.1,3.0,2.9,3.0,3.0,3.0,3.1,2.9,2.9,2.7,,,,,,,,,,,,,,,,
Wyoming,3,Eq. 90/50 ratio,2.4,2.3,2.4,2.3,2.4,2.4,2.4,2.4,2.3,2.4,2.4 - 2.7,,,,,,,,,,,,,,,,
Wyoming,4,Eq. 50/10 ratio,2.4,2.5,2.5,2.4,2.4,2.3,2.3,2.3,2.4,2.1,2.1 - 2.4,,,,,,,,,,,,,,,,
Wyoming,5,Gini coefficient,0.49,0.47,0.49,0.48,0.48,0.48,0.48,0.48,0.48,0.49,0.49,,,,,,,,,,,,,,,,
Wyoming,6,Top 10% share,40.3%,38.3%,40.1%,40.0%,39.5%,40.3%,39.0%,40.1%,41.1%,41.9%,37.9% - 47.7%,,,,,,,,,,,,,,,,
Wyoming,7,Bottom 10% share,1.5%,1.5%,1.5%,1.6%,1.7%,1.6%,1.6%,1.6%,1.5%,1.8%,1.3% - 1.8%,,,,,,,,,,,,,,,,
Wyoming,8,Median (nominal dollars),"86,936","86,669","87,956","88,299","84,587","88,334","95,286","98,211","101,132","109,623","111,641",,,,,,,,,,,,,,,,
Wyoming,9,Median (constant 2017 dollars),"95,512","92,951","92,959","93,583","88,047","90,893","101,114","100,817","105,256","109,927","104,683",,,,,,,,,,,,,,,,
Wyoming,10,Mean (nominal dollars),"132,651","127,605","134,192","135,109","129,384","136,852","143,918","150,526","157,031","170,648","180,458",,,,,,,,,,,,,,,,
Wyoming,11,Mean (constant 2017 dollars),"145,737","136,853","141,824","143,195","134,677","140,816","152,721","154,521","163,434","171,121","169,211",,,,,,,,,,,,,,,,
,,,,,,,,,,,,,,,,,,,,,,,,,,,,,
,,,,,,,,,,,,,,,,,,,,,,,,,,,,,
,,,,,,,,,,,,,,,,,,,,,,,,,,,,,
,,,,,,,,,,,,,,,,,,,,,,,,,,,,,
,,,,,,,,,,,,,,,,,,,,,,,,,,,,,
,,,,,,,,,,,,,,,,,,,,,,,,,,,,,
,,,,,,,,,,,,,,,,,,,,,,,,,,,,,
,,,,,,,,,,,,,,,,,,,,,,,,,,,,,
,,,,,,,,,,,,,,,,,,,,,,,,,,,,,
,,,,,,,,,,,,,,,,,,,,,,,,,,,,,
,,,,,,,,,,,,,,,,,,,,,,,,,,,,,
,,,,,,,,,,,,,,,,,,,,,,,,,,,,,
,,,,,,,,,,,,,,,,,,,,,,,,,,,,,
,,,,,,,,,,,,,,,,,,,,,,,,,,,,,
,,,,,,,,,,,,,,,,,,,,,,,,,,,,,